id_produto,nome_produto,categoria,preco_atual,ativo,qtd_vendida_total,qtd_vendida_30d,qtd_vendida_90d,receita_total,receita_30d,qtd_tickets_associados,qtd_tickets_30d,taxa_problema,qtd_avaliacoes,nota_media,pct_recomendam,qtd_visualizacoes,qtd_carrinho,taxa_conversao,classificacao,data_referencia_calculo
PROD-0001,Smartphone 128GB,Eletronicos,2504.00,false,7469,25,205,14356017.90,36489.04,510,0,0.0683,1247,3.61,73.30,125,138,59.7520,Top Vendedor,2026-05-22
PROD-0002,Smartphone 64GB,Sem categoria,1906.00,true,8255,113,670,12690414.25,157570.18,299,0,0.0362,1327,3.71,76.49,112,142,73.7054,Top Vendedor,2026-05-22
PROD-0003,Smartphone 256GB,Eletronicos,3955.00,true,7734,94,555,23312758.54,248218.44,295,0,0.0381,1277,3.66,74.86,126,138,61.3810,Top Vendedor,2026-05-22
PROD-0004,Notebook Intel Core i5,Eletronicos,3359.00,true,7364,39,190,19152810.84,92072.65,527,0,0.0716,1211,3.50,68.79,112,114,65.7500,Problematico,2026-05-22
PROD-0005,Notebook Intel Core i7,Eletronicos,3364.00,true,8883,82,494,22789865.28,186015.27,265,0,0.0298,1478,3.69,75.24,111,161,80.0270,Top Vendedor,2026-05-22
PROD-0006,Notebook Intel Core i3,Eletronicos,1631.00,true,4619,61,319,5628859.91,69013.44,188,0,0.0407,754,3.66,71.88,138,112,33.4710,Top Vendedor,2026-05-22
PROD-0007,Smart TV 50 Polegadas,Eletronicos,2319.00,true,7286,37,185,13020902.31,59511.67,564,0,0.0774,1266,3.52,70.46,126,124,57.8254,Problematico,2026-05-22
PROD-0008,Smart TV 43 Polegadas,Eletronicos,1486.00,false,8586,77,451,9819575.46,78055.97,268,0,0.0312,1434,3.68,74.69,118,119,72.7627,Top Vendedor,2026-05-22
PROD-0009,Smart TV 55 Polegadas,Eletronicos,3746.00,true,7803,97,602,21923847.43,244946.00,314,0,0.0402,1291,3.69,76.14,120,136,65.0250,Top Vendedor,2026-05-22
PROD-0010,Smart TV 32 Polegadas,Eletronicos,1327.00,true,7884,112,560,7972308.30,104068.43,280,0,0.0355,1298,3.68,74.42,131,140,60.1832,Top Vendedor,2026-05-22
PROD-0011,Tablet 10 Polegadas,Eletronicos,682.00,true,1077,11,182,549413.79,5285.63,83,0,0.0771,159,3.79,75.47,114,120,9.4474,Problematico,2026-05-22
PROD-0012,Tablet 8 Polegadas,Eletronicos,583.00,false,5567,40,219,2551458.32,15761.91,157,0,0.0282,940,3.69,76.38,95,131,58.6000,Top Vendedor,2026-05-22
PROD-0013,Fone de Ouvido Bluetooth,Eletronicos,,true,5661,56,241,449861.50,3685.46,198,0,0.0350,942,3.70,77.49,120,140,47.1750,Top Vendedor,2026-05-22
PROD-0014,Fone de Ouvido com Fio,Eletronicos,90.00,true,3898,15,58,275853.93,985.16,311,0,0.0798,674,3.64,72.26,103,135,37.8447,Problematico,2026-05-22
PROD-0015,Headset Gamer,Eletronicos,359.00,true,4099,16,78,1170252.62,4167.55,311,0,0.0759,710,3.57,70.85,109,149,37.6055,Problematico,2026-05-22
PROD-0016,Caixa de Som Bluetooth,Eletronicos,534.00,true,4003,11,49,1702337.08,4003.33,356,0,0.0889,730,3.62,72.19,119,151,33.6387,Problematico,2026-05-22
PROD-0017,Caixa de Som Portátil,Eletronicos,110.00,true,3945,20,51,340463.88,1525.28,323,0,0.0819,699,3.53,68.81,119,123,33.1513,Problematico,2026-05-22
PROD-0018,Barra de Som,Eletronicos,1466.00,true,4374,66,335,4801488.02,63545.77,184,0,0.0421,706,3.66,74.93,117,136,37.3846,Top Vendedor,2026-05-22
PROD-0019,Câmera Fotográfica Digital,Eletronicos,1509.00,true,4186,45,330,4703158.43,48269.16,177,0,0.0423,704,3.69,74.72,125,105,33.4880,Top Vendedor,2026-05-22
PROD-0020,Câmera de Segurança Wi-Fi,Eletronicos,494.00,true,3946,7,32,1542553.45,2590.34,313,0,0.0793,653,3.58,70.44,108,131,36.5370,Problematico,2026-05-22
PROD-0021,Projetor Full HD,Eletronicos,3607.00,true,7717,31,157,21351248.42,58740.60,611,0,0.0792,1297,3.51,69.47,123,140,62.7398,Problematico,2026-05-22
PROD-0022,Monitor 24 Polegadas,Eletronicos,1676.00,false,7508,15,252,9617055.72,17771.16,582,0,0.0775,1246,3.52,70.79,127,110,59.1181,Problematico,2026-05-22
PROD-0023,Monitor 27 Polegadas,Eletronicos,2146.00,true,9213,72,401,15118171.20,106858.41,268,0,0.0291,1540,3.67,74.81,138,127,66.7609,Top Vendedor,2026-05-22
PROD-0024,Mouse Sem Fio,Eletronicos,325.00,false,4101,3,63,1040077.50,692.17,331,0,0.0807,653,3.47,68.91,115,110,35.6609,Problematico,2026-05-22
PROD-0025,Mouse Gamer,Eletronicos,254.00,true,3975,22,67,798729.59,4073.18,324,0,0.0815,690,3.55,72.17,121,126,32.8512,Problematico,2026-05-22
PROD-0026,Teclado Mecânico,Eletronicos,501.00,true,5746,37,283,2277491.08,13386.59,173,0,0.0301,961,3.70,77.73,128,124,44.8906,Top Vendedor,2026-05-22
PROD-0027,Teclado sem Fio,Eletronicos,146.00,true,3964,21,84,465040.91,2271.88,347,0,0.0875,651,3.60,73.12,124,115,31.9677,Problematico,2026-05-22
PROD-0028,Carregador Turbo,Eletronicos,163.00,true,3979,0,48,511839.17,0.00,378,0,0.0950,693,3.56,72.15,116,152,34.3017,Problematico,2026-05-22
PROD-0029,Carregador Sem Fio,Eletronicos,245.00,true,4546,54,389,873906.22,9047.88,201,0,0.0442,789,3.75,76.93,121,126,37.5702,Top Vendedor,2026-05-22
PROD-0030,Película de Vidro,Eletronicos,52.00,false,3944,9,55,162697.59,305.93,341,0,0.0865,638,3.55,71.63,139,115,28.3741,Problematico,2026-05-22
PROD-0031,Capinha de Celular,Eletronicos,80.00,false,4010,13,23,254851.81,717.91,316,0,0.0788,670,3.56,71.04,112,112,35.8036,Problematico,2026-05-22
PROD-0032,Headset Bluetooth,Eletronicos,0.00,true,1105,29,212,84337.03,2024.16,81,0,0.0733,171,3.58,78.36,104,136,10.6250,Problematico,2026-05-22
PROD-0033,HD Externo 1TB,Eletronicos,369.00,true,1156,44,224,316592.93,11456.84,73,0,0.0631,176,3.60,73.30,127,135,9.1024,Top Vendedor,2026-05-22
PROD-0034,HD Externo 2TB,Eletronicos,806.00,true,7414,48,194,4617343.05,27249.99,546,0,0.0736,1267,3.50,69.85,131,122,56.5954,Problematico,2026-05-22
PROD-0035,Pen Drive 64GB,Eletronicos,147.00,true,4149,3,44,480756.15,297.08,297,0,0.0716,678,3.51,71.39,135,148,30.7333,Problematico,2026-05-22
PROD-0036,Pen Drive 128GB,Eletronicos,151.00,true,4697,74,448,556286.13,8142.04,232,0,0.0494,760,3.72,74.34,110,113,42.7000,Top Vendedor,2026-05-22
PROD-0037,Webcam Full HD,Eletronicos,252.00,true,4154,8,35,838158.59,897.16,355,0,0.0855,721,3.57,71.71,134,124,31.0000,Problematico,2026-05-22
PROD-0038,Impressora Multifuncional,Sem categoria,1176.00,false,8867,70,416,8494995.27,60667.69,268,0,0.0302,1524,3.61,73.43,129,125,68.7364,Top Vendedor,2026-05-22
PROD-0039,Roteador Wi-Fi,Eletronicos,254.00,true,3895,20,40,784348.69,2791.90,303,0,0.0778,688,3.62,73.11,122,126,31.9262,Problematico,2026-05-22
PROD-0040,Drone com Câmera,Eletronicos,2588.00,false,7655,37,233,15276181.87,65241.51,547,0,0.0715,1282,3.53,69.34,101,120,75.7921,Problematico,2026-05-22
PROD-0041,Console de Videogame,Eletronicos,4154.00,true,9097,60,459,29027823.82,150609.80,275,0,0.0302,1494,3.70,76.10,117,117,77.7521,Top Vendedor,2026-05-22
PROD-0042,Controle Sem Fio,Sem categoria,313.00,true,5731,49,267,1458265.46,9987.77,176,0,0.0307,970,3.71,77.63,115,124,49.8348,Top Vendedor,2026-05-22
PROD-0043,Aspirador Robô,Eletronicos,1549.00,true,4393,64,362,5136291.93,64097.68,154,0,0.0351,722,3.74,78.39,117,146,37.5470,Top Vendedor,2026-05-22
PROD-0044,Suporte para Notebook,Sem categoria,153.00,true,1388,35,224,167570.00,3683.01,88,0,0.0634,210,3.66,72.86,118,124,11.7627,Top Vendedor,2026-05-22
PROD-0045,Hub USB 7 Portas,Eletronicos,0.00,true,4064,13,70,326977.88,991.94,312,0,0.0768,728,3.56,71.15,103,123,39.4563,Problematico,2026-05-22
PROD-0046,Adaptador HDMI,Eletronicos,112.00,true,4086,14,41,367063.29,1116.84,310,0,0.0759,726,3.61,73.14,106,142,38.5472,Problematico,2026-05-22
PROD-0047,Cabo USB-C 2m,Sem categoria,59.00,true,6026,40,278,292599.24,1679.86,175,0,0.0290,1042,3.67,76.30,114,150,52.8596,Estavel,2026-05-22
PROD-0048,Bateria Portátil 20000mAh,Eletronicos,0.00,true,3930,15,31,314534.87,1068.47,336,0,0.0855,674,3.55,70.92,125,137,31.4400,Problematico,2026-05-22
PROD-0049,Notebook Gamer,Eletronicos,4182.00,true,4519,40,271,14242009.95,114568.14,187,0,0.0414,763,3.70,77.59,120,119,37.6583,Top Vendedor,2026-05-22
PROD-0050,Smart Watch,Eletronicos,1018.00,false,4510,85,381,3421766.36,55126.60,176,0,0.0390,710,3.70,77.32,105,123,42.9524,Top Vendedor,2026-05-22
PROD-0051,Smartband Fitness,Eletronicos,504.00,false,4732,64,424,1895459.71,22150.07,215,0,0.0454,776,3.58,73.07,118,135,40.1017,Top Vendedor,2026-05-22
PROD-0052,Impressora Térmica,Eletronicos,0.00,true,5419,43,230,427452.49,2675.86,184,0,0.0340,866,3.74,76.56,131,151,41.3664,Top Vendedor,2026-05-22
PROD-0053,SSD Externo 480GB,Eletronicos,310.00,true,4111,9,56,1015047.54,1971.97,322,0,0.0783,701,3.51,69.61,118,112,34.8390,Problematico,2026-05-22
PROD-0054,Microfone USB Condensador,Eletronicos,401.00,true,5727,75,304,1841832.66,21977.94,159,0,0.0278,949,3.67,74.82,104,126,55.0673,Top Vendedor,2026-05-22
PROD-0055,Estabilizador 1000VA,Eletronicos,349.00,true,4018,13,43,1104051.39,2510.51,326,0,0.0811,664,3.44,67.77,114,116,35.2456,Problematico,2026-05-22
PROD-0056,Nobreak 1000VA,Eletronicos,518.00,false,4045,11,36,1668513.86,4120.06,310,0,0.0766,674,3.57,72.11,101,148,40.0495,Problematico,2026-05-22
PROD-0057,Switch HDMI 4K,Eletronicos,200.00,true,1066,45,182,156502.72,6500.52,72,0,0.0675,171,3.76,81.29,122,142,8.7377,Top Vendedor,2026-05-22
PROD-0058,Suporte para Monitor,Eletronicos,124.00,true,4034,1,59,401707.53,80.15,357,0,0.0885,721,3.60,72.82,106,140,38.0566,Problematico,2026-05-22
PROD-0059,Mesa Digitalizadora,Eletronicos,479.00,true,3827,15,49,1459050.78,5077.19,327,0,0.0854,670,3.63,73.43,120,122,31.8917,Problematico,2026-05-22
PROD-0060,Placa de Captura HDMI,Eletronicos,450.00,true,5474,57,288,1980290.89,17591.94,161,0,0.0294,917,3.67,73.17,144,127,38.0139,Top Vendedor,2026-05-22
PROD-0061,Leitor Código de Barras,Eletronicos,344.00,true,5380,40,257,1477468.68,9802.80,160,0,0.0297,917,3.66,74.81,109,128,49.3578,Top Vendedor,2026-05-22
PROD-0062,Impressora Fotográfica,Eletronicos,784.00,false,5717,61,341,3569726.00,34501.94,179,0,0.0313,913,3.72,76.45,116,117,49.2845,Top Vendedor,2026-05-22
PROD-0063,Caixinha de Som Mini,Eletronicos,0.00,true,4547,72,457,350581.27,5147.34,202,0,0.0444,734,3.71,75.48,128,116,35.5234,Top Vendedor,2026-05-22
PROD-0064,Camiseta Masculina Algodão,Vestuario,55.00,true,1589,8,60,68404.08,323.64,50,0,0.0315,280,3.66,78.21,113,117,14.0619,Estavel,2026-05-22
PROD-0065,Camiseta Feminina Algodão,Sem categoria,65.00,true,1535,7,46,81427.95,308.23,41,0,0.0267,272,3.69,75.74,112,123,13.7054,Estavel,2026-05-22
PROD-0066,Camiseta Polo Masculina,Vestuario,102.00,false,796,7,28,64825.57,499.14,28,0,0.0352,140,3.77,77.14,107,126,7.4393,Estavel,2026-05-22
PROD-0067,Camiseta Polo Feminina,Vestuario,147.00,true,724,5,11,83448.42,106.16,11,0,0.0152,125,3.77,80.80,121,128,5.9835,Estavel,2026-05-22
PROD-0068,Calça Jeans Masculina,Vestuario,205.00,true,780,9,34,123609.59,1351.83,26,0,0.0333,130,3.58,75.38,108,139,7.2222,Estavel,2026-05-22
PROD-0069,Calça Jeans Feminina,Vestuario,181.00,true,753,0,28,104121.39,0.00,24,0,0.0319,129,3.64,74.42,118,119,6.3814,Estavel,2026-05-22
PROD-0070,Calça Social Masculina,Vestuario,164.00,true,670,10,37,83385.11,1144.38,14,0,0.0209,114,3.70,74.56,122,130,5.4918,Estavel,2026-05-22
PROD-0071,Vestido Floral,Vestuario,234.00,true,750,8,24,136860.63,1321.68,17,0,0.0227,140,3.75,75.71,110,124,6.8182,Estavel,2026-05-22
PROD-0072,Vestido Longo,Vestuario,228.00,true,686,5,32,122893.81,715.00,17,0,0.0248,126,3.68,76.98,122,135,5.6230,Estavel,2026-05-22
PROD-0073,Moletom com Capuz,Vestuario,0.00,true,1520,10,92,118409.20,687.01,45,0,0.0296,236,3.75,75.00,128,130,11.8750,Estavel,2026-05-22
PROD-0074,Jaqueta Corta Vento,Vestuario,394.00,true,375,1,9,111427.07,293.57,11,0,0.0293,53,3.68,77.36,139,129,2.6978,Estavel,2026-05-22
PROD-0075,Jaqueta de Couro,Vestuario,,true,1444,11,60,109615.06,793.41,44,0,0.0305,250,3.66,77.60,121,123,11.9339,Estavel,2026-05-22
PROD-0076,Jaqueta Impermeável,Vestuario,367.00,true,341,6,20,97718.11,1523.94,11,0,0.0323,51,3.49,76.47,127,135,2.6850,Estavel,2026-05-22
PROD-0077,Jaqueta Jeans,Vestuario,114.00,false,732,7,34,62386.57,563.68,12,0,0.0164,124,3.76,77.42,118,137,6.2034,Estavel,2026-05-22
PROD-0078,Tênis Casual Masculino,Vestuario,452.00,true,413,0,5,152142.94,0.00,13,0,0.0315,57,3.57,77.19,91,116,4.5385,Estavel,2026-05-22
PROD-0079,Tênis Casual Feminino,Vestuario,495.00,true,342,1,15,130289.76,384.73,9,0,0.0263,44,3.32,70.45,128,138,2.6719,Estavel,2026-05-22
PROD-0080,Tênis Esportivo,Vestuario,440.00,true,385,0,6,128178.55,0.00,15,0,0.0390,71,3.83,78.87,112,132,3.4375,Estavel,2026-05-22
PROD-0081,Tênis de Corrida,Vestuario,157.00,true,713,6,20,87272.70,604.51,12,0,0.0168,108,3.74,78.70,134,135,5.3209,Estavel,2026-05-22
PROD-0082,Meia Esportiva Kit com 3,Vestuario,,true,1517,18,77,116812.61,1241.15,44,0,0.0290,250,3.71,76.00,142,130,10.6831,Estavel,2026-05-22
PROD-0083,Cueca Kit com 3,Vestuario,115.00,true,766,8,69,67457.42,617.04,35,0,0.0457,118,3.42,67.80,115,143,6.6609,Estavel,2026-05-22
PROD-0084,Sutiã Conforto,Vestuario,117.00,true,703,17,29,66191.80,1302.79,16,0,0.0228,113,3.79,81.42,124,119,5.6694,Estavel,2026-05-22
PROD-0085,Shorts Academia,Vestuario,42.00,true,1424,4,50,46770.06,112.63,53,0,0.0372,211,3.69,76.30,110,126,12.9455,Estavel,2026-05-22
PROD-0086,Legging Feminina,Vestuario,73.00,true,1463,20,62,82400.21,998.19,62,0,0.0424,268,3.58,71.64,130,127,11.2538,Estavel,2026-05-22
PROD-0087,Bermuda Masculina,Sem categoria,75.00,true,1615,0,59,98176.71,0.00,39,0,0.0241,268,3.78,77.99,123,122,13.1301,Estavel,2026-05-22
PROD-0088,Casaco de Inverno,Vestuario,447.00,true,244,0,8,84815.53,0.00,12,0,0.0492,59,3.47,66.10,123,128,1.9837,Estavel,2026-05-22
PROD-0089,Blusa de Frio,Vestuario,235.00,true,780,8,37,144151.95,1352.63,21,0,0.0269,123,3.69,79.67,135,117,5.7778,Estavel,2026-05-22
PROD-0090,Pijama Adulto,Vestuario,174.00,false,747,2,45,101693.21,230.01,21,0,0.0281,128,3.61,70.31,125,114,5.9760,Estavel,2026-05-22
PROD-0091,Mochila Escolar,Vestuario,323.00,true,344,9,20,87161.81,2212.98,10,0,0.0291,49,3.69,75.51,128,152,2.6875,Top Vendedor,2026-05-22
PROD-0092,Mochila Executiva,Vestuario,386.00,false,277,0,6,82545.20,0.00,11,0,0.0397,50,3.84,76.00,124,145,2.2339,Estavel,2026-05-22
PROD-0093,Bolsa Feminina,Vestuario,199.00,true,741,3,53,116990.44,433.87,12,0,0.0162,120,3.83,79.17,113,142,6.5575,Estavel,2026-05-22
PROD-0094,Carteira Masculina,Vestuario,168.00,true,666,0,24,87005.09,0.00,15,0,0.0225,104,3.76,75.96,127,124,5.2441,Estavel,2026-05-22
PROD-0095,Cinto de Couro,Vestuario,51.00,true,1536,11,54,62269.28,280.63,27,0,0.0176,244,3.65,72.54,107,134,14.3551,Estavel,2026-05-22
PROD-0096,Boné Aba Curva,Vestuario,57.00,true,1388,12,80,61867.64,474.09,42,0,0.0303,247,3.61,74.90,103,138,13.4757,Estavel,2026-05-22
PROD-0097,Chapéu de Palha,Vestuario,75.00,true,1242,3,28,72134.32,177.75,40,0,0.0322,228,3.60,75.00,127,131,9.7795,Estavel,2026-05-22
PROD-0098,Luvas de Inverno,Vestuario,98.00,true,1430,6,68,107405.64,384.35,41,0,0.0287,241,3.76,78.42,117,150,12.2222,Estavel,2026-05-22
PROD-0099,Cachecol de Lã,Vestuario,79.00,false,1526,11,63,92437.67,581.71,41,0,0.0269,247,3.68,71.26,112,127,13.6250,Estavel,2026-05-22
PROD-0100,Chinelo Masculino,Sem categoria,59.00,false,1480,16,60,69400.20,679.24,46,0,0.0311,248,3.61,72.18,124,141,11.9355,Estavel,2026-05-22
PROD-0101,Chinelo Feminino,Vestuario,70.00,false,1534,5,39,84552.09,255.86,30,0,0.0196,254,3.67,79.53,110,121,13.9455,Estavel,2026-05-22
PROD-0102,Sandália Feminina,Vestuario,249.00,true,672,6,20,128615.28,1006.53,22,0,0.0327,132,3.59,68.18,117,120,5.7436,Estavel,2026-05-22
PROD-0103,Sapato Social Masculino,Vestuario,306.00,true,275,0,36,65448.12,0.00,15,0,0.0545,38,3.89,84.21,122,137,2.2541,Estavel,2026-05-22
PROD-0104,Óculos de Sol,Vestuario,128.00,false,668,4,21,67390.34,332.93,21,0,0.0314,104,3.70,74.04,108,109,6.1852,Estavel,2026-05-22
PROD-0105,Regata Masculina,Vestuario,-100.00,true,1524,8,102,118367.71,598.12,39,0,0.0256,230,3.77,78.26,127,109,12.0000,Estavel,2026-05-22
PROD-0106,Regata Feminina,Vestuario,47.00,false,1455,18,86,52831.65,577.04,58,0,0.0399,239,3.69,77.82,129,114,11.2791,Estavel,2026-05-22
PROD-0107,Calça Moletom,Vestuario,116.00,false,742,4,42,66015.95,324.43,23,0,0.0310,130,3.65,76.92,97,120,7.6495,Estavel,2026-05-22
PROD-0108,Camisa Social Masculina,Vestuario,298.00,true,769,7,37,176917.71,1384.36,27,0,0.0351,128,3.72,75.78,117,119,6.5726,Estavel,2026-05-22
PROD-0109,Blusa de Seda Feminina,Vestuario,267.00,true,652,5,21,133928.97,1003.71,22,0,0.0337,98,3.64,77.55,119,135,5.4790,Estavel,2026-05-22
PROD-0110,Top Esportivo,Vestuario,116.00,false,759,6,18,69075.07,432.75,30,0,0.0395,131,3.89,84.73,125,117,6.0720,Estavel,2026-05-22
PROD-0111,Camiseta Dry Fit,Vestuario,90.00,true,1563,6,63,108103.13,356.21,50,0,0.0320,244,3.70,75.00,126,150,12.4048,Estavel,2026-05-22
PROD-0112,Conjunto Esportivo,Vestuario,,true,1542,11,84,118795.84,779.99,41,0,0.0266,252,3.57,70.63,106,130,14.5472,Estavel,2026-05-22
PROD-0113,Meia-calça Feminina,Vestuario,27.00,false,1559,9,66,32480.09,96.58,39,0,0.0250,258,3.68,79.46,121,105,12.8843,Estavel,2026-05-22
PROD-0114,Roupa de Banho Masculina,Vestuario,63.00,true,1485,9,67,73127.75,374.80,39,0,0.0263,255,3.65,77.65,127,125,11.6929,Estavel,2026-05-22
PROD-0115,Biquíni,Vestuario,197.00,true,683,11,38,106321.98,1095.38,23,0,0.0337,112,3.63,74.11,106,121,6.4434,Estavel,2026-05-22
PROD-0116,Bermuda de Ciclismo,Vestuario,184.00,true,747,7,30,106107.17,919.61,25,0,0.0335,112,3.90,84.82,127,130,5.8819,Estavel,2026-05-22
PROD-0117,Camiseta Ciclismo,Vestuario,187.00,true,693,7,34,101572.66,957.89,18,0,0.0260,127,3.77,79.53,118,125,5.8729,Estavel,2026-05-22
PROD-0118,Kit Pijama Casal,Vestuario,302.00,false,282,5,7,65529.88,1132.05,10,0,0.0355,45,3.78,84.44,122,131,2.3115,Estavel,2026-05-22
PROD-0119,Roupão de Banho,Sem categoria,193.00,false,636,9,36,95921.83,1243.37,27,0,0.0425,115,3.77,76.52,118,130,5.3898,Estavel,2026-05-22
PROD-0120,Camisola Feminina,Vestuario,115.00,false,705,4,42,63356.56,288.42,20,0,0.0284,134,3.77,78.36,120,123,5.8750,Estavel,2026-05-22
PROD-0121,Suéter Masculino,Vestuario,222.00,true,768,2,17,130965.78,336.26,33,0,0.0430,152,3.72,73.03,123,126,6.2439,Estavel,2026-05-22
PROD-0122,Blusa de Tricô,Vestuario,157.00,true,726,8,26,88511.39,814.60,27,0,0.0372,119,3.86,78.99,137,116,5.2993,Estavel,2026-05-22
PROD-0123,Colete Masculino,Vestuario,117.00,true,763,3,16,68528.16,255.09,19,0,0.0249,142,3.70,75.35,101,143,7.5545,Estavel,2026-05-22
PROD-0124,Gravata,Vestuario,58.00,true,1471,20,72,66871.96,680.08,50,0,0.0340,233,3.69,73.39,107,112,13.7477,Estavel,2026-05-22
PROD-0125,Suspensório,Vestuario,66.00,true,1551,8,73,79004.31,391.37,50,0,0.0322,240,3.65,75.42,101,122,15.3564,Estavel,2026-05-22
PROD-0126,Conjunto de Panelas 5 Peças,Sem categoria,203.00,true,691,8,43,113188.03,1190.05,27,0,0.0391,113,3.65,79.65,120,123,5.7583,Estavel,2026-05-22
PROD-0127,Conjunto de Panelas 3 Peças,Casa,400.00,true,297,0,4,94007.08,0.00,9,0,0.0303,53,3.64,77.36,129,144,2.3023,Estavel,2026-05-22
PROD-0128,Jogo de Lençol Casal,Casa,266.00,true,706,5,30,149109.34,1026.34,21,0,0.0297,122,3.63,76.23,115,117,6.1391,Estavel,2026-05-22
PROD-0129,Jogo de Lençol Solteiro,Casa,102.00,true,892,7,51,73714.15,535.47,34,0,0.0381,151,3.64,75.50,98,128,9.1020,Estavel,2026-05-22
PROD-0130,Edredom Casal,Casa,374.00,true,280,2,19,80112.49,588.39,3,0,0.0107,40,3.60,77.50,116,122,2.4138,Estavel,2026-05-22
PROD-0131,Edredom Solteiro,Casa,111.00,true,705,3,23,62334.68,244.01,23,0,0.0326,100,3.87,84.00,121,123,5.8264,Estavel,2026-05-22
PROD-0132,Travesseiro Viscoelástico,Casa,174.00,true,772,0,43,106325.46,0.00,19,0,0.0246,122,3.69,75.41,103,125,7.4951,Estavel,2026-05-22
PROD-0133,Travesseiro de Pluma,Casa,198.00,false,656,9,44,102741.32,1358.63,25,0,0.0381,115,3.82,76.52,110,127,5.9636,Estavel,2026-05-22
PROD-0134,Cobertor Casal,Casa,0.00,true,1364,2,53,110376.85,160.75,42,0,0.0308,257,3.66,75.49,111,137,12.2883,Estavel,2026-05-22
PROD-0135,Toalha de Banho,Casa,37.00,true,1517,8,84,45375.59,227.80,47,0,0.0310,267,3.68,71.16,136,119,11.1544,Estavel,2026-05-22
PROD-0136,Jogo de Toalhas 4 Peças,Casa,258.00,false,731,10,34,153234.90,1892.98,28,0,0.0383,114,3.61,74.56,122,118,5.9918,Top Vendedor,2026-05-22
PROD-0137,Tapete Sala 2x3m,Casa,267.00,true,677,5,41,146307.71,211.99,20,0,0.0295,110,3.83,79.09,147,116,4.6054,Estavel,2026-05-22
PROD-0138,Tapete Banheiro,Casa,43.00,false,1516,16,86,52380.39,381.25,47,0,0.0310,250,3.62,72.00,120,141,12.6333,Estavel,2026-05-22
PROD-0139,Almofada Decorativa,Casa,114.00,true,702,9,26,64478.02,735.05,20,0,0.0285,123,3.73,72.36,101,124,6.9505,Estavel,2026-05-22
PROD-0140,Kit de Almofadas 4 Peças,Casa,183.00,true,741,10,28,109866.44,1351.01,22,0,0.0297,123,3.70,74.80,113,116,6.5575,Estavel,2026-05-22
PROD-0141,Luminária de Mesa,Casa,188.00,false,769,9,36,117266.91,1282.41,25,0,0.0325,132,3.63,72.73,139,131,5.5324,Estavel,2026-05-22
PROD-0142,Luminária de Piso,Casa,468.00,false,311,7,15,123214.68,2453.41,10,0,0.0322,50,3.92,86.00,112,130,2.7768,Top Vendedor,2026-05-22
PROD-0143,Porta Retratos,Casa,,false,1436,21,58,116466.18,1197.19,35,0,0.0244,269,3.75,78.81,119,128,12.0672,Estavel,2026-05-22
PROD-0144,Vaso Decorativo,Casa,155.00,true,727,5,34,90064.49,565.05,18,0,0.0248,133,3.67,77.44,114,147,6.3772,Estavel,2026-05-22
PROD-0145,Organizador de Gaveta,Casa,91.00,false,1480,5,55,109803.65,129.88,33,0,0.0223,233,3.75,78.11,117,114,12.6496,Estavel,2026-05-22
PROD-0146,Cabide de Parede,Casa,64.00,false,1478,14,78,75946.43,669.40,47,0,0.0318,247,3.65,75.30,121,127,12.2149,Estavel,2026-05-22
PROD-0147,Cortina Blackout 2 Peças,Casa,178.00,true,731,5,52,105859.68,639.20,27,0,0.0369,138,3.66,73.91,127,136,5.7559,Estavel,2026-05-22
PROD-0148,Persiana Horizontal,Casa,181.00,true,786,0,31,115767.97,0.00,23,0,0.0293,129,3.78,75.97,121,131,6.4959,Estavel,2026-05-22
PROD-0149,Jogo de Banheiro 3 Peças,Casa,94.00,true,1421,6,48,110083.27,405.30,44,0,0.0310,255,3.60,72.16,129,130,11.0155,Estavel,2026-05-22
PROD-0150,Espelho de Parede,Casa,168.00,false,729,4,30,100162.25,490.80,24,0,0.0329,111,3.63,76.58,129,134,5.6512,Estavel,2026-05-22
PROD-0151,Porta Temperos,Casa,79.00,true,1563,13,48,99043.10,778.28,56,0,0.0358,270,3.67,74.44,119,137,13.1345,Estavel,2026-05-22
PROD-0152,Tábua de Corte Bambu,Sem categoria,31.00,false,1431,10,61,35419.84,212.75,48,0,0.0335,253,3.66,76.28,132,127,10.8409,Estavel,2026-05-22
PROD-0153,Conjunto de Potes Herméticos,Casa,90.00,false,1334,4,43,98226.37,237.07,45,0,0.0337,249,3.67,73.09,120,126,11.1167,Estavel,2026-05-22
PROD-0154,Chaleira Elétrica,Casa,206.00,false,718,3,35,118719.80,468.98,23,0,0.0320,107,3.60,72.90,117,143,6.1368,Estavel,2026-05-22
PROD-0155,Fritadeira Air Fryer 4L,Casa,258.00,true,738,11,66,153336.23,2078.12,15,0,0.0203,107,3.61,75.70,119,130,6.2017,Top Vendedor,2026-05-22
PROD-0156,Liquidificador 700W,Casa,161.00,false,740,14,47,96719.92,1605.10,19,0,0.0257,121,3.68,75.21,99,149,7.4747,Estavel,2026-05-22
PROD-0157,Batedeira Planetária,Casa,569.00,false,317,3,13,144664.78,1221.43,12,0,0.0379,47,3.87,82.98,98,126,3.2347,Estavel,2026-05-22
PROD-0158,Panela de Pressão Elétrica,Casa,,false,1418,13,61,114403.24,927.31,48,0,0.0339,253,3.61,71.54,128,114,11.0781,Estavel,2026-05-22
PROD-0159,Micro-ondas 20L,Sem categoria,494.00,true,397,0,13,156872.23,0.00,6,0,0.0151,65,3.72,75.38,122,122,3.2541,Estavel,2026-05-22
PROD-0160,Torradeira 2 Fatias,Casa,129.00,true,777,5,27,79405.31,476.23,17,0,0.0219,109,3.60,76.15,129,134,6.0233,Estavel,2026-05-22
PROD-0161,Cafeteira Expresso,Casa,254.00,true,722,10,26,150090.88,1703.09,18,0,0.0249,116,3.73,76.72,106,129,6.8113,Estavel,2026-05-22
PROD-0162,Ferro de Passar a Vapor,Casa,-100.00,true,1551,7,66,126036.74,550.27,54,0,0.0348,254,3.65,76.77,117,142,13.2564,Estavel,2026-05-22
PROD-0163,Aspirador de Pó Vertical,Casa,354.00,false,347,3,14,100926.48,791.20,12,0,0.0346,68,3.60,73.53,107,136,3.2430,Estavel,2026-05-22
PROD-0164,Ventilador de Mesa,Casa,149.00,true,690,4,26,83863.91,397.57,22,0,0.0319,128,3.70,79.69,111,125,6.2162,Estavel,2026-05-22
PROD-0165,Purificador de Ar,Casa,485.00,true,327,0,11,132274.36,0.00,11,0,0.0336,54,3.73,77.78,100,103,3.2700,Estavel,2026-05-22
PROD-0166,Umidificador de Ar,Casa,0.00,true,1382,8,64,109975.58,584.59,55,0,0.0398,230,3.69,73.91,134,123,10.3134,Estavel,2026-05-22
PROD-0167,Desumidificador,Casa,0.00,true,1433,18,61,115105.56,1343.96,35,0,0.0244,253,3.82,79.05,125,126,11.4640,Estavel,2026-05-22
PROD-0168,Lixeira com Pedal,Casa,123.00,true,684,11,33,69890.97,997.03,23,0,0.0336,123,3.63,74.80,101,134,6.7723,Estavel,2026-05-22
PROD-0169,Escorredor de Louças,Casa,87.00,true,1551,5,37,109475.97,307.02,37,0,0.0239,274,3.65,71.90,117,129,13.2564,Estavel,2026-05-22
PROD-0170,Fruteira 3 Andares,Casa,69.00,true,1515,15,82,86244.90,767.04,53,0,0.0350,257,3.63,74.71,127,134,11.9291,Estavel,2026-05-22
PROD-0171,Kit Suporte Banheiro,Casa,92.00,true,1523,11,71,114529.49,760.94,38,0,0.0250,276,3.74,77.17,133,116,11.4511,Estavel,2026-05-22
PROD-0172,Cesto de Roupa Suja,Casa,,true,1502,14,89,122902.32,1027.50,38,0,0.0253,260,3.72,79.23,111,119,13.5315,Estavel,2026-05-22
PROD-0173,Cabideiro de Chão,Casa,133.00,true,767,4,40,81850.98,395.69,22,0,0.0287,130,3.79,79.23,103,139,7.4466,Estavel,2026-05-22
PROD-0174,Espremedor de Frutas,Casa,162.00,true,670,1,40,86995.77,109.27,23,0,0.0343,109,3.60,70.64,125,148,5.3600,Estavel,2026-05-22
PROD-0175,Multiprocessador,Sem categoria,183.00,true,722,7,24,105916.46,925.24,32,0,0.0443,110,3.94,80.91,118,137,6.1186,Estavel,2026-05-22
PROD-0176,Vela Perfumada,Casa,68.00,false,1440,4,55,77674.89,186.25,35,0,0.0243,246,3.77,77.64,116,124,12.4138,Estavel,2026-05-22
PROD-0177,Conjunto de Toalhas 4 Peças,Casa,205.00,false,668,4,25,109074.43,644.03,19,0,0.0284,114,3.75,77.19,127,139,5.2598,Estavel,2026-05-22
PROD-0178,Kit Organização Cozinha,Casa,181.00,true,743,4,47,108925.63,533.73,27,0,0.0363,99,3.60,71.72,117,127,6.3504,Estavel,2026-05-22
PROD-0179,Suporte para Livros,Casa,62.00,false,1403,6,47,72073.23,266.15,39,0,0.0278,228,3.68,73.68,105,129,13.3619,Estavel,2026-05-22
PROD-0180,Relógio de Parede,Casa,99.00,true,1375,10,44,111149.49,731.05,21,0,0.0153,246,3.66,74.80,85,136,16.1765,Estavel,2026-05-22
PROD-0181,Porta Chaves Parede,Casa,48.00,true,1498,9,92,59155.13,316.24,44,0,0.0294,260,3.62,75.00,120,114,12.4833,Estavel,2026-05-22
PROD-0182,Dispenser Sabonete Líquido,Casa,84.00,true,1464,19,72,99586.82,1149.98,40,0,0.0273,243,3.68,72.84,129,125,11.3488,Estavel,2026-05-22
PROD-0183,Saboneteira,Casa,21.00,true,1577,7,58,26664.12,113.88,44,0,0.0279,265,3.59,72.83,144,122,10.9514,Estavel,2026-05-22
PROD-0184,Porta Papel Higiênico,Casa,35.00,true,1430,13,67,40198.01,333.17,46,0,0.0322,250,3.80,76.40,113,138,12.6549,Estavel,2026-05-22
PROD-0185,Escova Sanitária,Casa,38.00,true,1495,21,83,46696.85,565.15,38,0,0.0254,237,3.43,67.51,100,114,14.9500,Estavel,2026-05-22
PROD-0186,Suporte para Secador,Casa,,true,1474,6,51,118999.48,459.74,45,0,0.0305,256,3.72,75.39,94,142,15.6809,Estavel,2026-05-22
PROD-0187,Espelho de Banheiro,Casa,95.00,false,1398,9,65,104787.23,663.03,38,0,0.0272,232,3.56,74.14,120,113,11.6500,Estavel,2026-05-22
PROD-0188,Bicicleta Aro 29 Mountain Bike,Esportes,813.00,false,270,3,8,180014.63,1847.92,6,0,0.0222,39,3.84,74.36,129,124,2.0930,Top Vendedor,2026-05-22
PROD-0189,Bicicleta Aro 26,Esportes,-100.00,true,1339,9,61,105430.95,656.68,39,0,0.0291,240,3.66,77.50,117,119,11.4444,Estavel,2026-05-22
PROD-0190,Bicicleta Speed Aro 700,Esportes,735.00,true,295,9,13,170635.60,3413.23,8,0,0.0271,43,3.76,79.07,108,123,2.7315,Top Vendedor,2026-05-22
PROD-0191,Halteres Par 10kg,Sem categoria,239.00,true,709,0,31,140521.05,0.00,23,0,0.0324,129,3.69,77.52,97,152,7.3093,Estavel,2026-05-22
PROD-0192,Halteres Par 5kg,Esportes,51.00,true,1424,13,46,57680.05,472.18,32,0,0.0225,229,3.59,72.93,132,126,10.7879,Estavel,2026-05-22
PROD-0193,Halteres Par 20kg,Sem categoria,264.00,true,707,0,26,151905.39,0.00,14,0,0.0198,124,3.61,75.81,109,114,6.4862,Estavel,2026-05-22
PROD-0194,Bola de Futebol Profissional,Esportes,129.00,true,707,19,41,71177.00,1775.74,23,0,0.0325,139,3.67,71.22,119,151,5.9412,Estavel,2026-05-22
PROD-0195,Bola de Basquete,Esportes,148.00,true,682,5,33,81092.27,505.41,20,0,0.0293,112,3.58,76.79,120,145,5.6833,Estavel,2026-05-22
PROD-0196,Bola de Vôlei,Esportes,-100.00,true,1384,16,61,109196.76,1130.75,44,0,0.0318,215,3.74,79.07,125,118,11.0720,Estavel,2026-05-22
PROD-0197,Bola de Tênis Kit 3,Esportes,36.00,false,1506,19,84,43373.96,495.94,40,0,0.0266,260,3.69,73.46,120,117,12.5500,Estavel,2026-05-22
PROD-0198,Raquete de Tênis,Esportes,258.00,true,733,4,36,148280.52,816.01,18,0,0.0246,133,3.68,75.94,104,121,7.0481,Estavel,2026-05-22
PROD-0199,Raquete de Beach Tennis,Esportes,391.00,false,342,0,17,105530.11,0.00,4,0,0.0117,55,4.04,87.27,120,120,2.8500,Estavel,2026-05-22
PROD-0200,Raquete de Badminton Kit 2,Esportes,117.00,true,695,3,20,63347.36,232.88,25,0,0.0360,100,3.68,75.00,119,133,5.8403,Estavel,2026-05-22
PROD-0201,Skate Completo,Esportes,440.00,true,261,4,10,86325.73,1236.53,6,0,0.0230,41,3.88,78.05,119,123,2.1933,Estavel,2026-05-22
PROD-0202,Patins Quad,Esportes,346.00,true,365,0,12,101794.16,0.00,7,0,0.0192,58,3.67,74.14,119,115,3.0672,Estavel,2026-05-22
PROD-0203,Patins Inline,Sem categoria,302.00,false,326,2,25,79039.94,398.45,11,0,0.0337,52,3.83,82.69,104,129,3.1346,Estavel,2026-05-22
PROD-0204,Barraca de Camping 4 Pessoas,Esportes,439.00,true,307,5,41,104212.88,1391.28,15,0,0.0489,50,3.37,64.00,124,126,2.4758,Estavel,2026-05-22
PROD-0205,Barraca de Camping 2 Pessoas,Esportes,-100.00,false,1645,22,84,131107.20,1663.25,46,0,0.0280,261,3.69,75.86,120,118,13.7083,Estavel,2026-05-22
PROD-0206,Colchão Inflável,Esportes,170.00,true,821,7,19,111636.90,853.91,17,0,0.0207,128,3.72,76.56,125,115,6.5680,Estavel,2026-05-22
PROD-0207,Mochila de Trilha 40L,Esportes,563.00,true,262,0,14,118078.85,0.00,18,0,0.0687,43,3.44,65.12,110,145,2.3818,Estavel,2026-05-22
PROD-0208,Mochila de Trilha 20L,Esportes,231.00,false,675,0,38,125410.62,0.00,22,0,0.0326,123,3.59,74.80,113,144,5.9735,Estavel,2026-05-22
PROD-0209,Garrafa Térmica 1L,Esportes,94.00,true,1462,10,93,107478.86,683.87,37,0,0.0253,232,3.76,75.00,119,149,12.2857,Estavel,2026-05-22
PROD-0210,Cantil Esportivo 750ml,Esportes,57.00,false,1424,8,49,64057.30,321.71,51,0,0.0358,242,3.64,71.90,119,142,11.9664,Estavel,2026-05-22
PROD-0211,Luvas de Boxe,Esportes,169.00,true,790,6,24,106252.02,666.21,24,0,0.0304,127,3.70,75.59,99,143,7.9798,Estavel,2026-05-22
PROD-0212,Saco de Pancadas,Esportes,374.00,false,273,0,12,81221.53,0.00,12,0,0.0440,50,3.51,68.00,105,160,2.6000,Estavel,2026-05-22
PROD-0213,Tapete de Yoga,Esportes,141.00,true,783,7,31,86610.51,670.36,19,0,0.0243,124,3.76,75.81,122,142,6.4180,Estavel,2026-05-22
PROD-0214,Bloco de Yoga,Sem categoria,87.00,false,1542,24,92,109295.09,1530.05,45,0,0.0292,256,3.64,73.44,132,130,11.6818,Estavel,2026-05-22
PROD-0215,Corda de Pular,Esportes,50.00,true,1476,10,60,57463.13,377.91,34,0,0.0230,260,3.61,71.54,119,145,12.4034,Estavel,2026-05-22
PROD-0216,Capacete Ciclismo,Esportes,140.00,true,819,4,47,90794.93,406.47,18,0,0.0220,143,3.64,76.22,112,149,7.3125,Estavel,2026-05-22
PROD-0217,Óculos de Natação,Esportes,141.00,true,781,6,49,85870.60,594.10,23,0,0.0294,128,3.68,76.56,127,141,6.1496,Estavel,2026-05-22
PROD-0218,Kettlebell 12kg,Esportes,165.00,true,726,3,29,96285.85,320.52,16,0,0.0220,128,3.70,75.78,118,138,6.1525,Estavel,2026-05-22
PROD-0219,Kettlebell 8kg,Esportes,209.00,true,663,11,32,108542.88,1694.26,16,0,0.0241,121,3.74,80.99,118,125,5.6186,Estavel,2026-05-22
PROD-0220,Barra de Musculação,Esportes,552.00,true,293,0,14,125183.33,0.00,4,0,0.0137,38,3.95,78.95,106,142,2.7642,Estavel,2026-05-22
PROD-0221,Anilha 10kg Par,Esportes,193.00,true,842,5,23,127909.52,130.25,22,0,0.0261,130,3.68,74.62,120,144,7.0167,Estavel,2026-05-22
PROD-0222,Colchonete Ginástica,Esportes,,false,1490,19,71,114964.14,1367.24,49,0,0.0329,228,3.78,78.51,108,124,13.7963,Estavel,2026-05-22
PROD-0223,Elástico de Resistência Kit,Esportes,66.00,true,1421,15,72,75145.29,715.50,27,0,0.0190,248,3.67,74.19,112,138,12.6875,Estavel,2026-05-22
PROD-0224,Suporte para Bicicleta,Esportes,100.00,true,1446,19,91,115313.53,1355.58,43,0,0.0297,230,3.72,76.96,137,124,10.5547,Estavel,2026-05-22
PROD-0225,Elíptico Doméstico,Esportes,,false,1541,7,61,122565.59,500.41,46,0,0.0299,270,3.68,73.70,104,133,14.8173,Estavel,2026-05-22
PROD-0226,Esteira Ergométrica,Esportes,0.00,true,1482,5,69,116863.58,375.16,47,0,0.0317,234,3.74,77.35,112,129,13.2321,Estavel,2026-05-22
PROD-0227,Bicicleta Ergométrica,Esportes,842.00,true,208,7,11,142377.48,4428.53,3,0,0.0144,34,3.74,73.53,116,140,1.7931,Top Vendedor,2026-05-22
PROD-0228,Luvas de Ciclismo,Esportes,66.00,true,1380,7,46,72030.76,323.05,33,0,0.0239,229,3.65,75.55,118,123,11.6949,Estavel,2026-05-22
PROD-0229,Joelheira Esportiva Par,Esportes,70.00,true,1413,12,58,77308.33,606.71,35,0,0.0248,243,3.72,75.72,138,144,10.2391,Estavel,2026-05-22
PROD-0230,Cotoveleira Esportiva Par,Esportes,111.00,true,775,7,50,68406.98,574.98,32,0,0.0413,138,3.72,76.81,108,125,7.1759,Estavel,2026-05-22
PROD-0231,Munhequeira Kit 2,Esportes,53.00,true,1492,11,70,62665.33,418.50,45,0,0.0302,241,3.63,71.37,115,100,12.9739,Estavel,2026-05-22
PROD-0232,Meias de Compressão Par,Esportes,148.00,true,744,2,41,85543.67,224.27,19,0,0.0255,142,3.59,73.94,129,136,5.7674,Estavel,2026-05-22
PROD-0233,Suporte Lombar Esportivo,Esportes,116.00,true,912,9,30,85155.52,767.23,29,0,0.0318,138,3.71,75.36,114,135,8.0000,Estavel,2026-05-22
PROD-0234,Óculos de Ciclismo,Esportes,187.00,true,712,6,33,102493.46,755.61,20,0,0.0281,102,3.62,77.45,116,133,6.1379,Estavel,2026-05-22
PROD-0235,Camiseta Esportiva Masculina,Esportes,62.00,true,1385,18,82,68722.25,762.84,38,0,0.0274,229,3.71,77.29,109,112,12.7064,Estavel,2026-05-22
PROD-0236,Camiseta Esportiva Feminina,Esportes,56.00,true,1455,26,95,66538.43,949.98,47,0,0.0323,255,3.65,72.94,115,132,12.6522,Estavel,2026-05-22
PROD-0237,Bota para Caminhada,Esportes,333.00,true,323,2,22,81268.86,479.33,12,0,0.0372,39,3.62,71.79,127,133,2.5433,Estavel,2026-05-22
PROD-0238,Tênis de Natação,Esportes,83.00,true,1438,15,60,93301.28,861.01,35,0,0.0243,240,3.67,76.25,112,96,12.8393,Estavel,2026-05-22
PROD-0239,Regata Esportiva Masculina,Esportes,43.00,true,1469,27,60,50073.99,812.27,47,0,0.0320,237,3.72,75.53,122,136,12.0410,Estavel,2026-05-22
PROD-0240,Bermuda de Natação,Esportes,130.00,true,660,3,31,68280.86,252.09,27,0,0.0409,101,3.69,73.27,97,121,6.8041,Estavel,2026-05-22
PROD-0241,Maiô Esportivo,Esportes,,true,1627,19,68,130133.81,1412.67,49,0,0.0301,269,3.69,76.95,120,130,13.5583,Estavel,2026-05-22
PROD-0242,Luvas de Musculação,Esportes,160.00,true,765,0,11,97219.44,0.00,24,0,0.0314,128,3.54,71.88,128,115,5.9766,Estavel,2026-05-22
PROD-0243,Bola de Pilates 65cm,Esportes,157.00,true,786,10,41,95145.47,680.80,14,0,0.0178,131,3.79,76.34,127,110,6.1890,Estavel,2026-05-22
PROD-0244,Rolo de Pilates,Esportes,76.00,false,1477,20,68,89078.64,1112.94,46,0,0.0311,261,3.66,80.08,127,138,11.6299,Estavel,2026-05-22
PROD-0245,Prancha de Surf,Esportes,805.00,true,190,2,5,122615.12,1188.30,9,0,0.0474,33,3.72,87.88,126,146,1.5079,Estavel,2026-05-22
PROD-0246,Body Board,Esportes,304.00,true,286,0,12,67428.05,0.00,9,0,0.0315,42,3.66,80.95,126,125,2.2698,Estavel,2026-05-22
PROD-0247,Pé de Pato par,Esportes,125.00,true,664,0,20,63472.72,0.00,22,0,0.0331,107,3.66,74.77,128,111,5.1875,Estavel,2026-05-22
PROD-0248,Rede de Vôlei,Esportes,0.00,false,1541,15,98,121593.60,873.11,61,0,0.0396,245,3.76,77.14,108,122,14.2685,Estavel,2026-05-22
PROD-0249,Trave de Futebol Infantil,Esportes,302.00,true,266,0,9,62081.80,0.00,9,0,0.0338,51,3.61,70.59,104,142,2.5577,Estavel,2026-05-22
PROD-0250,Perfume Feminino 100ml,Beleza,229.00,true,712,3,26,130268.72,538.87,27,0,0.0379,117,3.58,80.34,132,121,5.3939,Estavel,2026-05-22
PROD-0251,Perfume Masculino 100ml,Beleza,148.00,true,805,15,51,97922.01,1749.65,29,0,0.0360,129,3.78,78.29,105,132,7.6667,Estavel,2026-05-22
PROD-0252,Perfume Feminino 50ml,Beleza,130.00,true,727,0,24,79469.84,0.00,15,0,0.0206,120,3.60,77.50,100,140,7.2700,Estavel,2026-05-22
PROD-0253,Perfume Masculino 50ml,Beleza,109.00,true,706,13,30,64194.36,1058.66,25,0,0.0354,119,3.56,71.43,115,122,6.1391,Estavel,2026-05-22
PROD-0254,Secador de Cabelo 2200W,Beleza,,true,1397,12,58,113916.21,921.21,52,0,0.0372,236,3.59,73.31,112,140,12.4732,Estavel,2026-05-22
PROD-0255,Secador de Cabelo 1800W,Beleza,90.00,true,1423,4,49,103740.13,66.26,41,0,0.0288,235,3.71,79.15,110,127,12.9364,Estavel,2026-05-22
PROD-0256,Chapinha Profissional,Beleza,303.00,true,313,2,22,78141.41,450.61,11,0,0.0351,47,3.74,74.47,111,124,2.8198,Estavel,2026-05-22
PROD-0257,Modelador de Cachos,Sem categoria,120.00,true,816,5,32,79764.15,441.69,24,0,0.0294,130,3.57,70.00,118,130,6.9153,Estavel,2026-05-22
PROD-0258,Máquina de Cortar Cabelo,Beleza,223.00,true,721,9,25,132396.43,1484.33,15,0,0.0208,130,3.84,82.31,112,126,6.4375,Estavel,2026-05-22
PROD-0259,Aparador de Pelos,Beleza,104.00,true,732,4,40,62563.67,327.68,28,0,0.0383,121,3.63,75.21,125,124,5.8560,Estavel,2026-05-22
PROD-0260,Kit Skincare Facial,Beleza,-100.00,true,1420,11,68,116067.88,802.90,44,0,0.0310,254,3.68,77.95,110,120,12.9091,Estavel,2026-05-22
PROD-0261,Protetor Solar FPS 70,Beleza,57.00,true,1429,10,79,66155.98,422.14,49,0,0.0343,240,3.77,77.92,139,125,10.2806,Estavel,2026-05-22
PROD-0262,Protetor Solar FPS 30,Beleza,39.00,false,1378,18,79,44196.91,541.40,56,0,0.0406,224,3.62,75.45,111,122,12.4144,Estavel,2026-05-22
PROD-0263,Creme Anti-idade,Beleza,0.00,false,1468,8,65,121444.50,597.70,48,0,0.0327,253,3.63,74.31,122,148,12.0328,Estavel,2026-05-22
PROD-0264,Creme Hidratante Facial,Beleza,62.00,false,1525,11,94,77175.93,485.17,53,0,0.0348,237,3.68,75.95,110,114,13.8636,Estavel,2026-05-22
PROD-0265,Shampoo Profissional 1L,Beleza,41.00,true,1454,13,36,48571.48,399.63,35,0,0.0241,244,3.70,77.05,124,137,11.7258,Estavel,2026-05-22
PROD-0266,Condicionador Profissional 1L,Beleza,59.00,true,1448,12,72,68804.26,507.83,37,0,0.0256,226,3.84,80.09,113,157,12.8142,Estavel,2026-05-22
PROD-0267,Máscara Capilar 500g,Beleza,141.00,true,804,2,37,91747.98,204.51,24,0,0.0299,122,3.73,77.05,113,132,7.1150,Estavel,2026-05-22
PROD-0268,Óleo Capilar 60ml,Beleza,61.00,true,1643,6,49,82298.47,277.91,39,0,0.0237,281,3.69,74.38,102,131,16.1078,Estavel,2026-05-22
PROD-0269,Escova de Cabelo Profissional,Beleza,,true,1450,18,55,118405.43,1375.12,48,0,0.0331,237,3.79,79.75,118,135,12.2881,Estavel,2026-05-22
PROD-0270,Paleta de Sombras 18 Cores,Beleza,99.00,true,1397,7,47,114674.40,529.03,50,0,0.0358,233,3.62,74.68,128,127,10.9141,Estavel,2026-05-22
PROD-0271,Base Líquida,Beleza,-100.00,true,1523,5,66,127747.99,336.30,43,0,0.0282,256,3.56,72.66,127,142,11.9921,Estavel,2026-05-22
PROD-0272,Batom Matte,Beleza,35.00,true,1643,23,85,47240.30,575.19,55,0,0.0335,245,3.66,75.92,105,125,15.6476,Estavel,2026-05-22
PROD-0273,Batom Gloss,Beleza,27.00,true,1326,9,45,28706.37,181.68,51,0,0.0385,229,3.53,69.87,118,135,11.2373,Estavel,2026-05-22
PROD-0274,Sérum Vitamina C,Beleza,233.00,true,731,2,33,143600.01,342.87,23,0,0.0315,120,3.63,77.50,125,125,5.8480,Estavel,2026-05-22
PROD-0275,Sérum Ácido Hialurônico,Beleza,186.00,false,661,1,37,102641.16,135.88,17,0,0.0257,127,3.64,72.44,112,127,5.9018,Estavel,2026-05-22
PROD-0276,Desodorante Antitranspirante,Beleza,18.00,true,1318,9,76,19573.33,125.03,48,0,0.0364,221,3.72,76.92,110,115,11.9818,Estavel,2026-05-22
PROD-0277,Loção Corporal Hidratante,Beleza,58.00,true,1461,10,76,69125.57,425.30,39,0,0.0267,252,3.73,76.59,137,122,10.6642,Estavel,2026-05-22
PROD-0278,Óleo Corporal,Sem categoria,44.00,true,1594,17,78,57371.20,414.24,38,0,0.0238,269,3.70,76.21,110,137,14.4909,Estavel,2026-05-22
PROD-0279,Kit Manicure 10 Peças,Beleza,43.00,false,1550,6,52,55124.29,185.32,60,0,0.0387,249,3.67,74.30,130,119,11.9231,Estavel,2026-05-22
PROD-0280,Esponja Mágica de Maquiagem,Beleza,80.00,true,1421,19,77,93275.03,1132.27,49,0,0.0345,239,3.69,74.90,104,122,13.6635,Estavel,2026-05-22
PROD-0281,Removedor de Maquiagem,Beleza,46.00,false,1563,16,72,58164.92,563.14,49,0,0.0313,279,3.61,73.12,109,112,14.3394,Estavel,2026-05-22
PROD-0282,Tônico Facial,Beleza,149.00,true,697,18,43,87176.31,2082.74,24,0,0.0344,120,3.63,73.33,114,129,6.1140,Top Vendedor,2026-05-22
PROD-0283,Esfoliante Corporal,Beleza,48.00,true,1537,13,74,59482.77,361.62,67,0,0.0436,248,3.64,74.60,104,120,14.7788,Estavel,2026-05-22
PROD-0284,Sabonete Líquido 500ml,Sem categoria,,true,1520,8,58,122594.01,589.44,37,0,0.0243,251,3.73,76.10,123,134,12.3577,Estavel,2026-05-22
PROD-0285,Gel de Limpeza Facial,Beleza,-100.00,true,1355,12,59,110018.49,863.49,51,0,0.0376,252,3.71,72.62,99,133,13.6869,Estavel,2026-05-22
PROD-0286,Máscara Facial Argila,Beleza,58.00,true,1487,31,70,71544.87,1348.35,49,0,0.0330,228,3.60,75.88,99,129,15.0202,Estavel,2026-05-22
PROD-0287,Pincel de Maquiagem Kit,Beleza,111.00,false,701,9,36,64364.31,735.09,20,0,0.0285,132,3.66,75.76,114,152,6.1491,Estavel,2026-05-22
PROD-0288,Esmalte Kit 6 Cores,Beleza,0.00,true,1348,15,73,112623.93,1178.51,39,0,0.0289,237,3.64,75.11,120,131,11.2333,Estavel,2026-05-22
PROD-0289,Creme para as Mãos,Sem categoria,,true,1526,5,59,123911.14,393.92,41,0,0.0269,276,3.71,76.45,111,98,13.7477,Estavel,2026-05-22
PROD-0290,Bálsamo Labial,Beleza,17.00,false,1377,15,60,19189.72,194.01,30,0,0.0218,225,3.70,76.89,130,145,10.5923,Estavel,2026-05-22
PROD-0291,Spray Fixador de Maquiagem,Beleza,39.00,true,1390,12,55,44470.58,348.41,40,0,0.0288,227,3.61,72.25,135,133,10.2963,Estavel,2026-05-22
PROD-0292,Corretivo Líquido,Beleza,85.00,true,1464,8,40,101572.14,524.71,35,0,0.0239,262,3.65,75.95,104,104,14.0769,Estavel,2026-05-22
PROD-0293,Blush em Pó,Beleza,42.00,true,1538,6,58,52582.61,189.44,53,0,0.0345,257,3.73,75.88,121,127,12.7107,Estavel,2026-05-22
PROD-0294,Iluminador Facial,Beleza,0.00,false,1455,8,56,117498.64,604.15,39,0,0.0268,253,3.72,75.49,116,146,12.5431,Estavel,2026-05-22
PROD-0295,Delineador Líquido,Beleza,44.00,true,1406,12,68,50044.40,385.66,50,0,0.0356,235,3.67,78.30,126,147,11.1587,Estavel,2026-05-22
PROD-0296,Máscara de Cílios,Beleza,83.00,true,1271,9,51,86803.90,560.97,37,0,0.0291,243,3.78,78.60,121,127,10.5041,Estavel,2026-05-22
PROD-0297,Lápis de Sobrancelha,Beleza,52.00,false,1567,17,69,66196.48,645.11,48,0,0.0306,237,3.83,78.90,126,137,12.4365,Estavel,2026-05-22
PROD-0298,Kit Hidratação Capilar,Beleza,51.00,true,1420,10,76,58789.42,376.07,39,0,0.0275,233,3.66,79.40,129,115,11.0078,Estavel,2026-05-22
PROD-0299,Escova Progressiva,Beleza,243.00,false,764,7,35,152378.37,1199.24,26,0,0.0340,114,3.65,78.07,123,155,6.2114,Estavel,2026-05-22
PROD-0300,Kit Barba Completo,Beleza,158.00,false,721,4,29,92642.64,477.03,17,0,0.0236,123,3.61,74.80,110,121,6.5545,Estavel,2026-05-22
PROD-0301,Protetor Labial,Beleza,15.00,false,1422,9,57,17877.73,104.59,42,0,0.0295,246,3.73,80.08,132,143,10.7727,Estavel,2026-05-22
PROD-0302,Shampoo Anticaspa 400ml,Beleza,47.00,true,1607,4,58,62928.46,135.96,51,0,0.0317,283,3.75,76.68,122,123,13.1721,Estavel,2026-05-22
PROD-0303,Condicionador Hidratante 400ml,Beleza,50.00,true,1535,4,52,62162.27,148.31,45,0,0.0293,256,3.69,75.78,133,143,11.5414,Estavel,2026-05-22
PROD-0304,Creme de Barbear,Beleza,53.00,false,1425,11,70,62920.95,439.78,56,0,0.0393,261,3.74,79.31,111,143,12.8378,Estavel,2026-05-22
PROD-0305,Pos-barba Hidratante,Beleza,80.00,true,1485,0,54,98553.60,0.00,36,0,0.0242,263,3.56,74.52,145,125,10.2414,Estavel,2026-05-22
PROD-0306,Loção Pos-sol,Beleza,73.00,true,1507,5,73,89981.84,276.62,44,0,0.0292,231,3.73,77.49,147,125,10.2517,Estavel,2026-05-22
PROD-0307,Autobronzeador,Beleza,135.00,false,734,0,19,80764.21,0.00,23,0,0.0313,123,3.70,78.05,130,104,5.6462,Estavel,2026-05-22
PROD-0308,Creme de Depilação,Beleza,80.00,true,1445,8,55,94217.12,496.29,48,0,0.0332,231,3.71,72.73,137,142,10.5474,Estavel,2026-05-22
PROD-0309,Cera Depilatória,Beleza,45.00,true,1363,5,48,50257.96,177.81,28,0,0.0205,245,3.73,75.51,115,107,11.8522,Estavel,2026-05-22
PROD-0310,Kit Coloração Cabelo,Beleza,-100.00,true,1620,9,40,133613.04,677.55,42,0,0.0259,293,3.74,76.79,121,131,13.3884,Estavel,2026-05-22
PROD-0311,Tinta para Cabelo,Beleza,-100.00,false,1510,13,63,124245.49,980.97,41,0,0.0272,232,3.73,76.29,137,122,11.0219,Estavel,2026-05-22
PROD-0312,Pneu Aro 15,Automotivo,0.00,true,1645,7,71,141196.46,531.74,32,0,0.0195,249,3.77,77.91,112,137,14.6875,Estavel,2026-05-22
PROD-0313,Pneu Aro 14,Automotivo,432.00,true,320,0,18,115958.46,0.00,10,0,0.0313,51,3.72,74.51,106,132,3.0189,Estavel,2026-05-22
PROD-0314,Pneu Aro 16,Automotivo,551.00,true,341,1,5,161520.70,452.43,7,0,0.0205,46,3.78,82.61,116,132,2.9397,Estavel,2026-05-22
PROD-0315,Pneu Aro 17,Automotivo,556.00,false,378,0,11,175699.78,0.00,10,0,0.0265,72,3.49,66.67,92,143,4.1087,Estavel,2026-05-22
PROD-0316,Bateria Automotiva 60Ah,Automotivo,516.00,true,317,3,18,134253.89,1295.27,4,0,0.0126,52,3.52,71.15,121,131,2.6198,Estavel,2026-05-22
PROD-0317,Bateria Automotiva 45Ah,Automotivo,512.00,true,290,0,14,131091.51,0.00,9,0,0.0310,53,3.68,71.70,116,119,2.5000,Estavel,2026-05-22
PROD-0318,Bateria Automotiva 80Ah,Automotivo,686.00,true,299,0,8,174146.48,0.00,7,0,0.0234,45,3.84,77.78,123,126,2.4309,Estavel,2026-05-22
PROD-0319,Oleo de Motor 5W30 4L,Automotivo,-100.00,false,1502,1,78,126971.33,78.85,41,0,0.0273,254,3.64,78.74,111,123,13.5315,Estavel,2026-05-22
PROD-0320,Oleo de Motor 10W40 4L,Automotivo,170.00,true,755,18,41,109209.28,2329.28,17,0,0.0225,116,3.78,75.86,114,126,6.6228,Top Vendedor,2026-05-22
PROD-0321,Oleo de Motor 0W20 4L,Sem categoria,,true,1462,14,51,119045.07,1072.34,47,0,0.0321,255,3.61,74.12,142,139,10.2958,Estavel,2026-05-22
PROD-0322,Central Multimidia 7 Polegadas,Automotivo,592.00,true,272,0,14,134956.70,0.00,9,0,0.0331,47,3.43,68.09,124,119,2.1935,Estavel,2026-05-22
PROD-0323,Central Multimidia 9 Polegadas,Automotivo,904.00,true,220,0,5,162499.95,0.00,7,0,0.0318,36,3.77,86.11,115,135,1.9130,Estavel,2026-05-22
PROD-0324,Capa para Banco Dianteiro Par,Automotivo,165.00,true,786,10,47,105438.77,750.83,28,0,0.0356,120,3.89,81.67,116,111,6.7759,Estavel,2026-05-22
PROD-0325,Capa para Banco Traseiro,Automotivo,297.00,true,693,7,26,172736.34,1553.53,26,0,0.0375,125,3.60,74.40,114,140,6.0789,Estavel,2026-05-22
PROD-0326,Tapete Automotivo 4 Pecas,Automotivo,161.00,true,837,6,36,114374.23,761.16,17,0,0.0203,141,3.67,74.47,107,128,7.8224,Estavel,2026-05-22
PROD-0327,Tapete Automotivo Personalizado,Automotivo,291.00,true,677,20,57,163110.59,4324.06,22,0,0.0325,118,3.55,72.03,119,131,5.6891,Top Vendedor,2026-05-22
PROD-0328,Suporte Veicular Celular,Automotivo,66.00,true,1372,7,77,77567.03,359.67,42,0,0.0306,241,3.65,74.69,102,144,13.4510,Estavel,2026-05-22
PROD-0329,Camera de Re,Automotivo,124.00,true,720,0,22,75375.21,0.00,21,0,0.0292,122,3.74,79.51,105,123,6.8571,Estavel,2026-05-22
PROD-0330,Camera Frontal,Automotivo,-100.00,true,1572,15,85,133486.52,1116.89,45,0,0.0286,266,3.66,73.31,109,121,14.4220,Estavel,2026-05-22
PROD-0331,Alarme Automotivo Completo,Automotivo,544.00,true,293,4,12,133496.77,1693.49,9,0,0.0307,47,3.70,82.98,125,113,2.3440,Estavel,2026-05-22
PROD-0332,Pelicula Automotiva Solar,Automotivo,192.00,false,789,9,41,127537.18,1328.50,31,0,0.0393,126,3.65,77.78,123,127,6.4146,Estavel,2026-05-22
PROD-0333,Extintor de Incendio Veicular,Automotivo,137.00,true,710,5,28,82654.68,489.36,23,0,0.0324,131,3.77,78.63,108,136,6.5741,Estavel,2026-05-22
PROD-0334,Chave de Roda,Automotivo,38.00,true,1608,14,51,51198.91,411.72,48,0,0.0299,245,3.57,70.20,112,144,14.3571,Estavel,2026-05-22
PROD-0335,Caixa de Som Automotiva,Automotivo,240.00,false,704,15,31,147053.48,2763.36,25,0,0.0355,117,3.76,77.78,113,122,6.2301,Top Vendedor,2026-05-22
PROD-0336,Lampada LED Automotiva H4,Automotivo,81.00,true,1460,5,59,98390.79,337.67,40,0,0.0274,240,3.56,70.83,113,115,12.9204,Estavel,2026-05-22
PROD-0337,Carregador Veicular USB,Automotivo,118.00,true,725,0,33,72112.28,0.00,25,0,0.0345,132,3.70,78.03,122,133,5.9426,Estavel,2026-05-22
PROD-0338,Aspirador Veicular 12V,Automotivo,221.00,true,790,3,32,147682.79,519.66,29,0,0.0367,127,3.62,72.44,112,133,7.0536,Estavel,2026-05-22
PROD-0339,Para-brisa Defletor,Automotivo,242.00,true,694,3,33,139166.55,542.06,26,0,0.0375,114,3.62,72.81,117,123,5.9316,Estavel,2026-05-22
PROD-0340,Capa de Chuva para Carro,Automotivo,248.00,false,691,3,31,147547.80,521.62,21,0,0.0304,115,3.83,80.87,121,144,5.7107,Estavel,2026-05-22
PROD-0341,Triangulo de Sinalizacao,Automotivo,67.00,true,1448,5,73,81943.13,252.37,36,0,0.0249,216,3.63,75.46,118,116,12.2712,Estavel,2026-05-22
PROD-0342,Cabo de Ligacao Veicular,Automotivo,-100.00,true,1572,17,71,133503.73,1352.53,47,0,0.0299,286,3.82,80.42,133,126,11.8195,Estavel,2026-05-22
PROD-0343,GPS Veicular,Automotivo,210.00,true,711,10,40,125066.28,1648.94,31,0,0.0436,110,3.61,69.09,110,117,6.4636,Estavel,2026-05-22
PROD-0344,Retrovisor com Monitor,Automotivo,276.00,true,691,12,29,160462.30,1904.26,12,0,0.0174,112,3.75,75.89,121,114,5.7107,Top Vendedor,2026-05-22
PROD-0345,Sensor de Estacionamento,Automotivo,173.00,false,692,2,22,103120.21,264.69,21,0,0.0303,128,3.74,76.56,107,128,6.4673,Estavel,2026-05-22
PROD-0346,Volante Esportivo,Automotivo,307.00,false,309,4,29,81678.22,1007.06,4,0,0.0129,42,3.64,76.19,125,116,2.4720,Estavel,2026-05-22
PROD-0347,Pedal Esportivo Kit,Automotivo,193.00,true,764,8,35,123871.15,1178.69,23,0,0.0301,123,3.61,74.80,102,146,7.4902,Estavel,2026-05-22
PROD-0348,Capa de Volante,Automotivo,33.00,true,1503,7,75,42811.56,184.68,45,0,0.0299,244,3.67,72.13,108,104,13.9167,Estavel,2026-05-22
PROD-0349,Organizador de Porta Malas,Automotivo,190.00,true,694,4,21,113728.10,548.72,21,0,0.0303,113,3.76,77.88,97,125,7.1546,Estavel,2026-05-22
PROD-0350,Bomba de Ar Compressor 12V,Automotivo,-100.00,true,1419,15,51,121814.18,863.00,48,0,0.0338,229,3.63,76.42,110,138,12.9000,Estavel,2026-05-22
PROD-0351,Macaco Hidraulico 2T,Automotivo,427.00,true,292,0,1,108893.87,0.00,8,0,0.0274,61,3.70,73.77,123,139,2.3740,Estavel,2026-05-22
PROD-0352,Limpador de Para-brisa Par,Automotivo,148.00,true,759,0,30,94557.42,0.00,16,0,0.0211,137,3.74,79.56,123,119,6.1707,Estavel,2026-05-22
PROD-0353,Fluido de Freio 500ml,Automotivo,75.00,true,1549,7,68,98028.78,399.27,37,0,0.0239,256,3.84,81.25,114,112,13.5877,Estavel,2026-05-22
PROD-0354,Fluido de Arrefecimento 1L,Automotivo,47.00,true,1509,5,39,59857.39,190.56,36,0,0.0239,260,3.64,74.62,97,126,15.5567,Estavel,2026-05-22
PROD-0355,Cera Automotiva 500g,Automotivo,62.00,false,1582,11,102,81696.71,523.92,47,0,0.0297,250,3.63,72.40,114,131,13.8772,Estavel,2026-05-22
PROD-0356,Shampoo Automotivo 1L,Sem categoria,51.00,true,1500,21,88,60574.68,767.10,43,0,0.0287,255,3.70,77.25,119,145,12.6050,Estavel,2026-05-22
PROD-0357,Pretinho para Pneu,Automotivo,59.00,true,1557,26,112,76708.33,989.82,40,0,0.0257,245,3.68,79.59,96,139,16.2188,Estavel,2026-05-22
PROD-0358,Flanela Automotiva Kit 5,Automotivo,73.00,false,1412,7,42,86993.32,395.24,39,0,0.0276,220,3.74,78.64,124,99,11.3871,Estavel,2026-05-22
PROD-0359,Suporte para Bicicleta Veicular,Automotivo,215.00,true,876,3,38,161068.33,476.11,32,0,0.0365,160,3.59,71.88,122,107,7.1803,Estavel,2026-05-22
PROD-0360,Rack de Teto Universal,Automotivo,318.00,false,317,0,13,87222.73,0.00,11,0,0.0347,52,3.73,76.92,110,138,2.8818,Estavel,2026-05-22
PROD-0361,Forro de Cacamba,Automotivo,471.00,true,352,0,10,141177.18,0.00,3,0,0.0085,56,3.70,75.00,107,107,3.2897,Estavel,2026-05-22
PROD-0362,Buzina Automotiva,Automotivo,-100.00,false,1447,2,83,123806.18,139.00,38,0,0.0263,260,3.65,76.54,120,125,12.0583,Estavel,2026-05-22
PROD-0363,Kit Primeiros Socorros Veicular,Automotivo,40.00,false,1553,21,93,52088.17,500.55,51,0,0.0328,261,3.63,74.33,107,130,14.5140,Estavel,2026-05-22
PROD-0364,Desembacador de Para-brisa,Automotivo,47.00,false,1408,6,65,55315.80,206.94,43,0,0.0305,219,3.74,75.80,116,144,12.1379,Estavel,2026-05-22
PROD-0365,Polidor Automotivo 500g,Automotivo,74.00,true,1331,11,64,82654.59,644.34,35,0,0.0263,222,3.69,77.03,115,120,11.5739,Estavel,2026-05-22
PROD-0366,Selante de Pneu,Automotivo,46.00,true,1515,10,90,59476.92,363.87,39,0,0.0257,238,3.68,77.73,127,123,11.9291,Estavel,2026-05-22
PROD-0367,Filtro de Ar Veicular,Automotivo,92.00,true,1410,5,51,110121.05,366.44,50,0,0.0355,250,3.63,76.80,119,139,11.8487,Estavel,2026-05-22
PROD-0368,Vela de Ignicao Kit 4,Automotivo,65.00,true,1458,22,88,80503.94,896.78,45,0,0.0309,241,3.75,75.93,123,113,11.8537,Estavel,2026-05-22
PROD-0369,Correia Dentada Kit,Automotivo,160.00,true,706,4,25,96033.02,479.71,11,0,0.0156,116,3.68,76.72,109,114,6.4771,Estavel,2026-05-22
PROD-0370,Amortecedor Traseiro Par,Automotivo,615.00,false,309,0,10,160333.40,0.00,15,0,0.0485,55,3.64,72.73,129,137,2.3953,Estavel,2026-05-22
PROD-0371,Pastilha de Freio Kit,Sem categoria,208.00,true,633,0,26,107248.14,0.00,21,0,0.0332,100,3.56,70.00,108,121,5.8611,Estavel,2026-05-22
PROD-0372,Boneca Articulada 30cm,Brinquedos,145.00,true,777,1,30,90158.12,101.49,22,0,0.0283,123,3.47,66.67,120,125,6.4750,Estavel,2026-05-22
PROD-0373,Boneca Baby 20cm,Brinquedos,-100.00,true,1445,14,93,113904.43,974.25,36,0,0.0249,248,3.71,75.81,110,131,13.1364,Estavel,2026-05-22
PROD-0374,Carrinho de Controle Remoto,Brinquedos,165.00,true,780,10,36,101195.93,1234.89,21,0,0.0269,135,3.81,77.78,118,146,6.6102,Estavel,2026-05-22
PROD-0375,Carrinho de Friccao Kit 5,Brinquedos,140.00,true,709,11,49,78110.11,1091.98,20,0,0.0282,109,3.58,73.39,106,121,6.6887,Estavel,2026-05-22
PROD-0376,Jogo de Tabuleiro Familia,Brinquedos,160.00,true,752,0,24,94694.57,0.00,18,0,0.0239,134,3.47,67.91,128,118,5.8750,Estavel,2026-05-22
PROD-0377,Jogo de Cartas UNO,Brinquedos,71.00,false,1412,0,43,81267.01,0.00,37,0,0.0262,259,3.61,77.99,97,134,14.5567,Estavel,2026-05-22
PROD-0378,Xadrez Magnetico,Brinquedos,128.00,false,768,4,35,79347.83,369.75,20,0,0.0260,128,3.79,80.47,121,127,6.3471,Estavel,2026-05-22
PROD-0379,Quebra-cabeca 1000 Pecas,Brinquedos,53.00,false,1521,6,78,63904.86,228.35,38,0,0.0250,241,3.70,78.01,121,133,12.5702,Estavel,2026-05-22
PROD-0380,Quebra-cabeca 500 Pecas,Brinquedos,73.00,true,1455,8,74,84450.07,409.11,41,0,0.0282,242,3.74,80.17,118,134,12.3305,Estavel,2026-05-22
PROD-0381,Quebra-cabeca 3D,Brinquedos,154.00,false,732,4,21,88724.04,465.49,23,0,0.0314,106,3.53,72.64,118,137,6.2034,Estavel,2026-05-22
PROD-0382,Blocos de Montar 200 Pecas,Brinquedos,-100.00,false,1439,12,50,113739.70,828.75,55,0,0.0382,249,3.73,77.91,126,129,11.4206,Estavel,2026-05-22
PROD-0383,Blocos de Montar 500 Pecas,Brinquedos,457.00,true,286,0,12,105343.89,0.00,7,0,0.0245,38,3.49,71.05,131,131,2.1832,Estavel,2026-05-22
PROD-0384,Pelucia 40cm,Brinquedos,183.00,true,712,9,31,105433.11,1149.75,30,0,0.0421,119,3.79,78.99,128,130,5.5625,Estavel,2026-05-22
PROD-0385,Pelucia 60cm,Brinquedos,291.00,true,713,17,35,160819.37,3571.04,18,0,0.0252,108,3.81,80.56,115,160,6.2000,Top Vendedor,2026-05-22
PROD-0386,Pelucia Gigante 80cm,Brinquedos,165.00,true,757,9,43,98417.42,1060.55,23,0,0.0304,141,3.63,73.76,124,130,6.1048,Estavel,2026-05-22
PROD-0387,Kit Massinha de Modelar,Brinquedos,81.00,true,1508,14,78,95559.38,808.16,46,0,0.0305,242,3.65,71.90,121,118,12.4628,Estavel,2026-05-22
PROD-0388,Pista de Corrida Eletrica,Brinquedos,546.00,true,334,3,16,143078.54,1116.74,9,0,0.0269,54,3.85,77.78,102,134,3.2745,Estavel,2026-05-22
PROD-0389,Robo Interativo,Brinquedos,,true,1542,15,74,122236.17,1092.80,48,0,0.0311,249,3.63,75.50,114,121,13.5263,Estavel,2026-05-22
PROD-0390,Robo Programavel,Brinquedos,490.00,false,298,4,19,118532.68,1430.02,11,0,0.0369,39,3.69,74.36,125,125,2.3840,Estavel,2026-05-22
PROD-0391,Patinete Infantil,Brinquedos,334.00,true,330,5,14,83658.83,1281.64,15,0,0.0455,57,3.66,77.19,103,120,3.2039,Estavel,2026-05-22
PROD-0392,Bicicleta Infantil Aro 16,Brinquedos,366.00,false,318,4,13,89708.53,1100.25,14,0,0.0440,48,3.48,70.83,154,125,2.0649,Estavel,2026-05-22
PROD-0393,Bicicleta Infantil Aro 12,Brinquedos,201.00,true,760,5,33,123773.94,779.16,19,0,0.0250,118,3.47,67.80,102,125,7.4510,Estavel,2026-05-22
PROD-0394,Escorregador Infantil,Brinquedos,203.00,true,812,4,50,128462.68,538.97,24,0,0.0296,146,3.59,73.97,103,132,7.8835,Estavel,2026-05-22
PROD-0395,Balanco Infantil,Brinquedos,261.00,false,734,6,39,149504.90,1148.05,30,0,0.0409,111,3.52,71.17,114,135,6.4386,Estavel,2026-05-22
PROD-0396,Jogo de Memoria,Brinquedos,80.00,false,1459,7,60,90416.81,410.09,43,0,0.0295,247,3.61,75.71,127,150,11.4882,Estavel,2026-05-22
PROD-0397,Domino Infantil,Brinquedos,,false,1358,20,65,106904.03,1436.26,42,0,0.0309,239,3.73,79.08,151,128,8.9934,Estavel,2026-05-22
PROD-0398,Kit Panelinhas Infantil,Brinquedos,,true,1439,14,70,114389.69,1014.22,49,0,0.0341,262,3.79,78.63,128,140,11.2422,Estavel,2026-05-22
PROD-0399,Fantasia Infantil,Brinquedos,122.00,true,733,10,36,72482.60,874.19,26,0,0.0355,106,3.64,75.47,111,109,6.6036,Estavel,2026-05-22
PROD-0400,Telescopio Infantil,Brinquedos,204.00,false,720,11,21,115879.54,1665.22,25,0,0.0347,132,3.63,74.24,102,129,7.0588,Estavel,2026-05-22
PROD-0401,Microscopio Infantil,Brinquedos,359.00,false,337,0,14,94219.46,0.00,8,0,0.0237,59,3.60,83.05,118,118,2.8559,Estavel,2026-05-22
PROD-0402,Drone Infantil,Brinquedos,213.00,true,842,19,48,140712.98,2810.45,29,0,0.0344,134,3.62,68.66,132,113,6.3788,Top Vendedor,2026-05-22
PROD-0403,Kit Experimentos Cientificos,Brinquedos,132.00,true,740,10,33,78490.00,945.29,21,0,0.0284,132,3.53,73.48,119,127,6.2185,Estavel,2026-05-22
PROD-0404,Piscina de Bolinhas,Brinquedos,154.00,true,803,3,34,98476.86,324.96,23,0,0.0286,138,3.58,69.57,122,121,6.5820,Estavel,2026-05-22
PROD-0405,Gangorra Infantil,Brinquedos,178.00,true,737,13,39,104923.29,1649.78,20,0,0.0271,122,3.72,76.23,113,135,6.5221,Estavel,2026-05-22
PROD-0406,Cama Elastica Infantil,Brinquedos,205.00,true,798,4,37,129444.70,626.30,25,0,0.0313,132,3.73,77.27,110,125,7.2545,Estavel,2026-05-22
PROD-0407,Lancador de Dardos,Brinquedos,66.00,true,1424,11,74,74787.63,490.94,49,0,0.0344,252,3.66,73.02,118,125,12.0678,Estavel,2026-05-22
PROD-0408,Pistola de Bolhas,Brinquedos,46.00,true,1487,11,81,54441.49,232.95,50,0,0.0336,235,3.71,75.74,113,117,13.1593,Estavel,2026-05-22
PROD-0409,Kit de Pintura Infantil,Brinquedos,165.00,true,764,0,39,98167.47,0.00,19,0,0.0249,126,3.52,69.05,113,131,6.7611,Estavel,2026-05-22
PROD-0410,Lousa Magnetica,Brinquedos,185.00,true,790,15,41,113739.86,1949.02,28,0,0.0354,138,3.46,71.74,104,142,7.5962,Top Vendedor,2026-05-22
PROD-0411,Teclado Musical Infantil,Brinquedos,84.00,false,1556,12,71,103516.84,714.70,45,0,0.0289,242,3.68,73.14,140,131,11.1143,Estavel,2026-05-22
PROD-0412,Violao Infantil,Brinquedos,107.00,false,739,3,26,62743.92,233.10,23,0,0.0311,121,3.59,69.42,114,127,6.4825,Estavel,2026-05-22
PROD-0413,Bateria Musical Infantil,Brinquedos,456.00,false,311,0,12,110279.38,0.00,10,0,0.0322,50,3.78,78.00,111,124,2.8018,Estavel,2026-05-22
PROD-0414,Microfone Infantil,Brinquedos,60.00,true,1373,0,39,66893.66,0.00,46,0,0.0335,231,3.69,73.59,108,138,12.7130,Estavel,2026-05-22
PROD-0415,Kit Medico Infantil,Brinquedos,112.00,true,803,6,35,71828.67,497.85,21,0,0.0262,130,3.85,79.23,121,118,6.6364,Estavel,2026-05-22
PROD-0416,Kit Ferramentas Infantil,Brinquedos,63.00,true,1565,3,67,77968.50,138.11,52,0,0.0332,252,3.71,76.19,130,139,12.0385,Estavel,2026-05-22
PROD-0417,Pula Corda Infantil,Brinquedos,27.00,true,1422,9,67,30412.91,171.84,55,0,0.0387,251,3.59,73.71,96,149,14.8125,Estavel,2026-05-22
PROD-0418,Bamboleo,Brinquedos,-100.00,false,1495,25,81,121651.93,1843.23,44,0,0.0294,258,3.69,72.48,118,143,12.6695,Top Vendedor,2026-05-22
PROD-0419,Casinha de Bonecas,Brinquedos,371.00,true,363,3,8,103535.62,847.05,7,0,0.0193,60,3.77,80.00,122,146,2.9754,Estavel,2026-05-22
PROD-0420,Caminhao de Brinquedo,Brinquedos,98.00,false,1358,9,51,103713.02,646.66,42,0,0.0309,239,3.57,71.55,116,131,11.7069,Estavel,2026-05-22
PROD-0421,Moto de Brinquedo,Brinquedos,83.00,false,1472,10,80,98036.98,623.27,41,0,0.0279,246,3.73,76.42,120,158,12.2667,Estavel,2026-05-22
PROD-0422,Boneco de Acao,Brinquedos,193.00,true,684,2,8,102755.53,288.68,15,0,0.0219,134,3.72,78.36,112,126,6.1071,Estavel,2026-05-22
PROD-0423,Kit Magica Infantil,Brinquedos,95.00,true,1505,13,43,112591.90,898.07,47,0,0.0312,248,3.70,78.63,127,147,11.8504,Estavel,2026-05-22
PROD-0424,Bolinha de Gude Kit,Brinquedos,31.00,true,1400,3,50,34348.48,68.53,37,0,0.0264,233,3.64,74.25,120,124,11.6667,Estavel,2026-05-22
PROD-0425,Pipa Infantil,Brinquedos,0.00,true,1393,17,94,108985.35,1227.24,38,0,0.0273,212,3.71,79.25,108,122,12.8981,Estavel,2026-05-22
PROD-0426,Carrinho de Bebe de Boneca,Brinquedos,149.00,true,839,5,25,99769.84,502.28,23,0,0.0274,138,3.47,71.01,120,141,6.9917,Estavel,2026-05-22
PROD-0427,Cozinha Infantil,Brinquedos,256.00,false,718,0,30,147098.14,0.00,25,0,0.0348,126,3.55,74.60,115,132,6.2435,Estavel,2026-05-22
PROD-0428,Cavalinho de Balanco,Brinquedos,196.00,true,743,5,24,115038.24,707.08,21,0,0.0283,122,3.68,76.23,99,133,7.5051,Estavel,2026-05-22
PROD-0429,Tapete de Atividades,Brinquedos,132.00,true,757,0,31,80657.75,0.00,19,0,0.0251,120,3.64,75.83,119,102,6.3613,Estavel,2026-05-22
PROD-0430,Gym para Bebe,Brinquedos,239.00,true,743,13,30,144219.61,2141.25,23,0,0.0310,107,3.66,72.90,105,137,7.0762,Top Vendedor,2026-05-22
PROD-0431,Mordedor Infantil Kit,Brinquedos,25.00,true,1504,0,53,29629.82,0.00,51,0,0.0339,269,3.70,76.95,119,111,12.6387,Estavel,2026-05-22
PROD-0432,Chocalho Kit,Brinquedos,31.00,true,1441,2,34,36192.66,45.78,37,0,0.0257,216,3.65,73.61,115,131,12.5304,Estavel,2026-05-22
PROD-0433,Sofa 3 Lugares,Moveis,0.00,true,1384,19,45,113470.64,1347.47,34,0,0.0246,223,3.68,74.89,107,123,12.9346,Estavel,2026-05-22
PROD-0434,Sofa 2 Lugares,Moveis,703.00,true,270,2,20,153612.63,1037.16,3,0,0.0111,47,3.74,72.34,86,146,3.1395,Estavel,2026-05-22
PROD-0435,Sofa Retratil 3 Lugares,Moveis,1253.00,true,235,14,25,249346.93,13111.26,8,0,0.0340,42,3.38,71.43,125,135,1.8800,Top Vendedor,2026-05-22
PROD-0436,Sofa Cama,Moveis,1890.00,true,202,0,1,331904.41,0.00,4,0,0.0198,35,3.76,74.29,130,131,1.5538,Estavel,2026-05-22
PROD-0437,Poltrona Reclinavel,Moveis,1520.00,true,184,4,4,230973.97,4410.58,2,0,0.0109,33,3.73,84.85,114,118,1.6140,Top Vendedor,2026-05-22
PROD-0438,Mesa de Jantar 6 Cadeiras,Moveis,-100.00,true,1531,7,60,123015.62,508.05,38,0,0.0248,255,3.68,72.94,111,127,13.7928,Estavel,2026-05-22
PROD-0439,Mesa de Jantar 4 Cadeiras,Moveis,1086.00,true,205,0,3,190709.50,0.00,3,0,0.0146,38,4.03,84.21,103,125,1.9903,Estavel,2026-05-22
PROD-0440,Mesa de Jantar 8 Cadeiras,Moveis,4168.00,true,123,2,5,410131.83,6689.94,2,0,0.0163,20,3.68,75.00,116,147,1.0603,Top Vendedor,2026-05-22
PROD-0441,Cadeira de Escritorio Ergonomica,Moveis,820.00,false,195,0,13,117249.23,0.00,9,0,0.0462,30,3.63,73.33,121,132,1.6116,Estavel,2026-05-22
PROD-0442,Cadeira de Escritorio Basica,Moveis,538.00,false,335,0,7,150728.82,0.00,7,0,0.0209,53,3.64,67.92,103,130,3.2524,Estavel,2026-05-22
PROD-0443,Cadeira Gamer,Moveis,-100.00,true,1484,11,71,119572.02,292.91,50,0,0.0337,246,3.74,76.83,127,127,11.6850,Estavel,2026-05-22
PROD-0444,Estante de Livros 5 Prateleiras,Moveis,655.00,false,346,0,18,187799.80,0.00,12,0,0.0347,50,3.72,72.00,120,123,2.8833,Estavel,2026-05-22
PROD-0445,Estante de Livros 3 Prateleiras,Moveis,513.00,false,298,0,12,125774.27,0.00,9,0,0.0302,53,3.84,83.02,123,138,2.4228,Estavel,2026-05-22
PROD-0446,Guarda-roupa 6 Portas,Moveis,3175.00,true,119,4,11,299811.01,10145.57,2,0,0.0168,21,3.67,76.19,114,131,1.0439,Top Vendedor,2026-05-22
PROD-0447,Guarda-roupa 4 Portas,Moveis,,true,1554,28,102,124246.23,2073.91,49,0,0.0315,240,3.74,77.92,121,113,12.8430,Top Vendedor,2026-05-22
PROD-0448,Guarda-roupa 2 Portas,Moveis,1228.00,true,220,13,20,216867.95,12338.58,4,0,0.0182,30,3.80,93.33,120,135,1.8333,Top Vendedor,2026-05-22
PROD-0449,Cama Casal com Cabeceira,Moveis,1070.00,true,268,8,24,231715.97,6236.29,8,0,0.0299,43,3.49,69.77,129,164,2.0775,Top Vendedor,2026-05-22
PROD-0450,Cama Solteiro com Cabeceira,Moveis,835.00,true,223,0,18,144985.29,0.00,7,0,0.0314,44,3.64,79.55,115,135,1.9391,Estavel,2026-05-22
PROD-0451,Cama Box Casal,Moveis,0.00,true,1438,19,82,117247.36,1449.53,44,0,0.0306,261,3.71,73.95,116,122,12.3966,Estavel,2026-05-22
PROD-0452,Cama Box Solteiro,Moveis,703.00,true,327,0,30,180179.14,0.00,9,0,0.0275,55,3.58,72.73,126,122,2.5952,Estavel,2026-05-22
PROD-0453,Escrivaninha com Gavetas,Moveis,541.00,true,331,0,11,147345.75,0.00,9,0,0.0272,57,3.81,80.70,124,136,2.6694,Estavel,2026-05-22
PROD-0454,Escrivaninha Simples,Moveis,290.00,true,849,4,24,198398.52,889.05,28,0,0.0330,124,3.62,79.84,137,122,6.1971,Estavel,2026-05-22
PROD-0455,Mesa de Centro,Sem categoria,649.00,true,332,2,14,175295.74,973.38,6,0,0.0181,64,3.71,78.13,143,147,2.3217,Estavel,2026-05-22
PROD-0456,Mesa de Canto,Sem categoria,506.00,true,365,2,23,144478.89,732.89,7,0,0.0192,56,3.70,75.00,131,117,2.7863,Estavel,2026-05-22
PROD-0457,Rack para TV,Moveis,1047.00,true,213,4,4,183137.77,3181.61,5,0,0.0235,37,3.51,72.97,134,122,1.5896,Top Vendedor,2026-05-22
PROD-0458,Painel para TV,Moveis,591.00,true,323,0,16,150909.86,0.00,13,0,0.0402,43,3.71,76.74,114,150,2.8333,Estavel,2026-05-22
PROD-0459,Painel com Lareira,Moveis,-100.00,true,1539,8,55,123399.41,576.95,55,0,0.0357,238,3.61,74.37,118,127,13.0424,Estavel,2026-05-22
PROD-0460,Penteadeira com Espelho,Moveis,806.00,true,220,0,5,142065.99,0.00,4,0,0.0182,36,3.31,66.67,131,149,1.6794,Estavel,2026-05-22
PROD-0461,Cabeceira Casal,Moveis,291.00,true,771,5,35,188280.42,1123.17,26,0,0.0337,120,3.76,79.17,131,119,5.8855,Estavel,2026-05-22
PROD-0462,Cabeceira Solteiro,Moveis,505.00,true,359,0,11,148535.33,0.00,8,0,0.0223,55,3.35,70.91,103,124,3.4854,Estavel,2026-05-22
PROD-0463,Poltrona Decorativa,Moveis,1491.00,false,260,4,12,304429.22,3913.93,12,0,0.0462,40,3.90,80.00,103,122,2.5243,Top Vendedor,2026-05-22
PROD-0464,Berco Americano,Moveis,0.00,true,1412,14,68,115431.27,1038.01,40,0,0.0283,227,3.77,76.65,119,130,11.8655,Estavel,2026-05-22
PROD-0465,Berco Multifuncional,Moveis,1927.00,true,208,0,6,327361.17,0.00,4,0,0.0192,31,3.58,74.19,126,133,1.6508,Estavel,2026-05-22
PROD-0466,Mesa Lateral,Moveis,274.00,false,762,5,12,164985.63,941.53,25,0,0.0328,124,3.80,76.61,112,120,6.8036,Estavel,2026-05-22
PROD-0467,Criado Mudo,Moveis,464.00,true,318,7,18,117745.04,2284.06,3,0,0.0094,51,3.43,64.71,127,139,2.5039,Top Vendedor,2026-05-22
PROD-0468,Comoda 5 Gavetas,Moveis,462.00,true,298,5,21,115826.55,1744.71,8,0,0.0268,56,3.80,82.14,107,126,2.7850,Estavel,2026-05-22
PROD-0469,Comoda 3 Gavetas,Moveis,,true,1508,13,75,124862.48,1005.72,39,0,0.0259,260,3.71,75.38,115,116,13.1130,Estavel,2026-05-22
PROD-0470,Armario de Cozinha 6 Portas,Moveis,,true,1400,21,80,113696.98,1539.43,37,0,0.0264,236,3.61,74.58,123,136,11.3821,Estavel,2026-05-22
PROD-0471,Balcao de Cozinha,Moveis,1485.00,true,197,0,8,223837.42,0.00,7,0,0.0355,35,4.03,85.71,115,113,1.7130,Estavel,2026-05-22
PROD-0472,Prateleira Flutuante Kit 3,Moveis,460.00,true,328,4,24,126493.97,1370.82,11,0,0.0335,52,3.42,73.08,111,135,2.9550,Estavel,2026-05-22
PROD-0473,Sapateira com Tampa,Moveis,449.00,true,230,0,17,82371.56,0.00,10,0,0.0435,36,3.47,66.67,108,104,2.1296,Estavel,2026-05-22
PROD-0474,Cabideiro de Parede,Moveis,113.00,true,655,2,33,60126.66,171.69,22,0,0.0336,107,3.60,74.77,123,130,5.3252,Estavel,2026-05-22
PROD-0475,Cadeira de Balanco,Moveis,632.00,true,376,0,18,193830.33,0.00,16,0,0.0426,54,3.67,79.63,101,129,3.7228,Estavel,2026-05-22
PROD-0476,Cadeira de Jardim,Moveis,397.00,true,268,4,7,84976.60,1170.67,8,0,0.0299,43,3.86,76.74,109,101,2.4587,Estavel,2026-05-22
PROD-0477,Mesa de Jardim,Moveis,651.00,true,347,5,15,183826.89,2346.91,10,0,0.0288,60,3.78,71.67,114,131,3.0439,Top Vendedor,2026-05-22
PROD-0478,Rede de Descanso,Moveis,,false,1490,1,74,121678.62,76.46,34,0,0.0228,254,3.74,80.71,114,134,13.0702,Estavel,2026-05-22
PROD-0479,Cadeira Alta para Bebe,Moveis,620.00,true,269,4,9,134713.86,1832.44,11,0,0.0409,36,3.83,86.11,133,137,2.0226,Estavel,2026-05-22
PROD-0480,Mesa de Cabeceira,Moveis,-100.00,false,1647,9,43,131420.86,629.24,67,0,0.0407,260,3.66,77.69,118,141,13.9576,Estavel,2026-05-22
PROD-0481,Aparador de Sala,Moveis,339.00,true,321,7,24,91329.74,1740.68,10,0,0.0312,54,3.83,77.78,108,121,2.9722,Estavel,2026-05-22
PROD-0482,Cristaleira 3 Portas,Moveis,1080.00,true,254,5,16,213317.16,3844.58,6,0,0.0236,41,3.68,80.49,120,118,2.1167,Top Vendedor,2026-05-22
PROD-0483,Estante Gamer,Moveis,1148.00,true,207,4,22,197423.68,3325.53,11,0,0.0531,33,3.55,72.73,124,133,1.6694,Top Vendedor,2026-05-22
PROD-0484,Bancada de Trabalho,Moveis,643.00,false,330,4,18,168456.80,1985.42,11,0,0.0333,58,3.40,63.79,120,138,2.7500,Top Vendedor,2026-05-22
PROD-0485,Armario de Ferramentas,Moveis,828.00,true,221,3,3,146115.80,1893.17,12,0,0.0543,39,3.79,74.36,105,135,2.1048,Top Vendedor,2026-05-22
PROD-0486,Gaveteiro com Rodas,Moveis,739.00,true,334,5,19,193311.28,2517.55,15,0,0.0449,70,3.81,84.29,131,114,2.5496,Top Vendedor,2026-05-22
PROD-0487,Nicho Decorativo Kit 3,Moveis,177.00,true,705,17,49,101712.41,2233.29,27,0,0.0383,124,3.58,71.77,114,116,6.1842,Top Vendedor,2026-05-22
PROD-0488,Mesa Dobravek,Moveis,310.00,false,344,8,16,86178.87,1684.78,12,0,0.0349,52,3.67,75.00,128,141,2.6875,Estavel,2026-05-22
PROD-0489,Cadeira Dobravek,Moveis,298.00,true,816,3,48,199906.16,669.00,26,0,0.0319,125,3.74,77.60,105,135,7.7714,Estavel,2026-05-22
PROD-0490,Banqueta Bar Alta,Moveis,429.00,true,348,0,29,122688.47,0.00,9,0,0.0259,58,3.78,75.86,110,122,3.1636,Estavel,2026-05-22
PROD-0491,Banco de Madeira,Moveis,303.00,true,327,5,21,77308.62,1151.40,8,0,0.0245,45,3.52,71.11,121,126,2.7025,Estavel,2026-05-22
PROD-0492,Mesa de Canto Redonda,Moveis,246.00,false,765,4,52,154880.49,706.33,18,0,0.0235,136,3.69,74.26,126,117,6.0714,Estavel,2026-05-22
PROD-0493,Sofa Modular,Moveis,4560.00,false,109,0,7,415740.55,0.00,1,0,0.0092,21,3.10,71.43,135,136,0.8074,Estavel,2026-05-22
PROD-0494,Aspirador de Pó Sem Fio,Sem categoria,451.00,true,361,1,13,129567.38,334.02,9,0,0.0249,54,3.61,77.78,111,145,3.2523,Estavel,2026-05-22
PROD-0495,Cama de Casal Queen Size,Moveis,3690.00,true,124,5,5,378137.34,11939.73,1,0,0.0081,26,3.81,80.77,115,126,1.0783,Top Vendedor,2026-05-22
PROD-0496,Kit Churrasco 10 Pecas,Casa,109.00,true,635,4,22,58064.68,285.14,19,0,0.0299,126,3.73,77.78,107,143,5.9346,Estavel,2026-05-22
PROD-0497,Smartphone Pro Max 512GB,Eletronicos,3614.00,true,7260,29,193,20161791.47,72852.03,573,0,0.0789,1174,3.52,70.70,110,125,66.0000,Problematico,2026-05-22
PROD-0498,Mochila de Hidratacao,Esportes,300.00,true,717,4,29,170558.38,208.96,13,0,0.0181,122,3.63,76.23,102,123,7.0294,Estavel,2026-05-22
PROD-0499,Perfume Importado 200ml,Beleza,220.00,true,766,12,25,141027.93,1908.45,23,0,0.0300,128,3.68,77.34,117,115,6.5470,Top Vendedor,2026-05-22
PROD-0500,Suporte Veicular Magnetico,Automotivo,90.00,false,1558,7,73,120622.56,510.77,45,0,0.0289,289,3.64,71.97,113,128,13.7876,Estavel,2026-05-22
PROD-0501,Boneca de Pano 35cm,Brinquedos,64.00,true,1402,12,51,71112.83,558.49,41,0,0.0292,232,3.74,77.59,0,0,,Estavel,2026-05-22
PROD-0502,Mesa Escritorio em L,Moveis,728.00,true,304,0,22,173620.58,0.00,11,0,0.0362,53,3.69,69.81,0,0,,Estavel,2026-05-22
PROD-0503,Tablet Infantil 7 Polegadas,Eletronicos,676.00,true,3862,19,61,2083057.06,6731.18,318,0,0.0823,632,3.51,69.78,0,0,,Problematico,2026-05-22
PROD-0504,Vestido de Festa Longo,Vestuario,0.00,true,1494,11,80,115638.94,820.62,42,0,0.0281,240,3.65,77.50,0,0,,Estavel,2026-05-22
PROD-0505,Kit Churrasco Eletrico,Casa,0.00,true,1470,28,97,118015.39,2027.10,47,0,0.0320,261,3.65,74.33,0,0,,Top Vendedor,2026-05-22
PROD-0506,Sapatilha Feminina,Vestuario,137.00,true,736,15,51,76057.50,1422.99,20,0,0.0272,120,3.65,75.83,0,0,,Estavel,2026-05-22
PROD-0507,Câmera de Acao 4K,Eletronicos,1400.00,true,8643,62,378,9298446.55,59631.77,275,0,0.0318,1418,3.70,75.95,0,0,,Top Vendedor,2026-05-22
PROD-0508,Kit Yoga Completo,Esportes,184.00,false,759,18,26,109202.27,1920.60,21,0,0.0277,124,3.69,78.23,0,0,,Top Vendedor,2026-05-22
PROD-0509,Creme Corporal Premium,Beleza,101.00,false,784,8,23,65915.14,624.47,30,0,0.0383,143,3.74,74.83,0,0,,Estavel,2026-05-22
PROD-0510,Suporte para Moto,Automotivo,107.00,true,743,0,23,66643.77,0.00,16,0,0.0215,129,3.84,82.95,0,0,,Estavel,2026-05-22
PROD-0511,Fantoche Kit 6 Personagens,Brinquedos,163.00,true,772,3,26,98222.81,356.22,23,0,0.0298,120,3.79,77.50,0,0,,Estavel,2026-05-22
PROD-0512,Rack Suspenso para TV,Moveis,622.00,false,270,0,9,136514.87,0.00,12,0,0.0444,51,3.90,86.27,0,0,,Estavel,2026-05-22
PROD-0513,Smart TV 65 Polegadas,Eletronicos,-100.00,true,4801,74,512,374694.94,5244.89,202,0,0.0421,731,3.67,72.78,0,0,,Top Vendedor,2026-05-22
PROD-0514,Conjunto Esportivo Feminino,Vestuario,-100.00,false,1344,15,63,104812.42,803.15,48,0,0.0357,229,3.75,78.17,0,0,,Estavel,2026-05-22
PROD-0515,Difusor de Aromas,Casa,166.00,false,705,8,23,96820.31,968.31,21,0,0.0298,104,3.65,76.92,0,0,,Estavel,2026-05-22
PROD-0516,Velocipede Infantil,Brinquedos,236.00,true,771,3,16,148093.45,505.22,13,0,0.0169,132,3.61,73.48,0,0,,Estavel,2026-05-22
PROD-0517,Monitor Gamer 144Hz,Eletronicos,1233.00,true,7915,114,634,7403517.18,86231.70,297,0,0.0375,1338,3.69,76.16,0,0,,Top Vendedor,2026-05-22
